order_id,order_revenue,order_gp,order_qty,order_date,customer_id
ORD100000,207.41400000000002,60.884000000000015,1,2023-03-06,C5767
ORD100001,319.15,82.19999999999999,5,2024-07-11,C3342
ORD100002,1565.6004,237.20039999999995,6,2024-04-16,C3060
ORD100003,79.95710000000001,46.12710000000001,1,2023-11-12,C3902
ORD100004,129.4256,68.1456,4,2023-11-08,C6376
ORD100005,755.52,338.90999999999997,3,2024-09-10,C3182
ORD100006,326.1159,58.32589999999999,1,2023-03-03,C9226
ORD100007,2669.472,687.1520000000003,8,2024-05-17,C5318
ORD100008,1628.875,60.075000000000045,5,2023-05-26,C8768
ORD100009,2374.1949,546.7049,7,2023-03-09,C7148
ORD100010,1807.0302000000001,594.7302,6,2024-01-15,C3999
ORD100011,2401.08,126.27999999999975,8,2024-12-03,C3054
ORD100012,84.7692,25.9092,9,2024-06-13,C7694
ORD100013,1851.7296000000001,789.4295999999999,6,2024-07-02,C3976
ORD100014,209.4336,100.83360000000002,4,2024-05-31,C3221
ORD100015,121.1824,59.9024,4,2024-07-19,C9372
ORD100016,461.55199999999996,156.51199999999994,8,2024-01-05,C5343
ORD100017,1534.6115999999997,603.6515999999997,4,2023-04-03,C1437
ORD100018,1380.877,124.47699999999986,5,2024-08-27,C5452
ORD100019,863.8448,352.74479999999994,2,2023-11-21,C5146
ORD100020,3480.9849,1588.5548999999999,9,2023-12-27,C8774
ORD100021,2039.1408000000001,646.1808000000001,6,2023-09-24,C7403
ORD100022,208.152,84.13199999999998,3,2023-05-12,C2722
ORD100023,2480.4719999999998,246.67199999999957,6,2024-10-29,C2353
ORD100024,1646.9096,677.5096,4,2024-07-16,C6431
ORD100025,872.38,488.42,2,2024-04-08,C1426
ORD100026,544.544,120.78399999999999,8,2023-10-17,C3870
ORD100027,462.2816,53.321600000000046,8,2024-08-15,C2243
ORD100028,3328.4880000000003,539.9280000000003,8,2024-01-28,C1185
ORD100029,313.17760000000004,30.497600000000034,4,2023-11-16,C9268
ORD100030,562.41,102.50999999999993,3,2023-11-21,C1808
ORD100031,184.568,26.198000000000008,1,2023-06-13,C1083
ORD100032,433.5659999999999,38.34599999999989,7,2023-03-08,C9395
ORD100033,39.2418,20.311799999999998,3,2024-02-04,C2694
ORD100034,3789.5193,361.60019999999986,9,2024-10-01,C8348
ORD100035,2774.164,15.284000000000106,8,2023-02-15,C1281
ORD100036,831.0302,89.03020000000004,2,2024-09-09,C2381
ORD100037,1312.7400000000002,505.1700000000002,9,2024-08-18,C1995
ORD100038,205.11,33.170000000000016,2,2023-07-19,C7355
ORD100039,949.5200000000001,423.22,5,2024-03-30,C6580
ORD100040,1124.011,353.961,5,2023-04-29,C5279
ORD100041,73.54541699999999,26.306216999999982,9,2024-06-29,C3174
ORD100042,2180.2734,613.5534,6,2024-05-19,C1799
ORD100043,3962.896,1156.1760000000004,8,2023-09-13,C6122
ORD100044,1360.17,470.19000000000005,6,2023-02-18,C3076
ORD100045,1498.644,714.164,8,2024-11-29,C6311
ORD100046,1483.6103999999998,614.5703999999998,8,2023-11-17,C7186
ORD100047,395.2512,101.41120000000001,8,2024-10-05,C8644
ORD100048,437.6,52.200000000000045,4,2024-05-03,C5445
ORD100049,912.816,168.77600000000007,4,2024-07-14,C1042
ORD100050,1752.2676,852.6275999999999,9,2024-07-01,C3525
ORD100051,1808.1182,330.20820000000003,7,2023-05-21,C8679
ORD100052,3291.7446000000004,575.4546000000005,9,2023-09-20,C5798
ORD100053,552.1626,262.96259999999995,6,2023-12-03,C6571
ORD100054,142.9785,50.278499999999994,9,2023-12-25,C5119
ORD100055,142.324,40.19400000000002,7,2023-02-01,C2464
ORD100056,424.8895,143.8395,7,2024-01-29,C9069
ORD100057,574.78,314.5,2,2023-04-22,C7955
ORD100058,2357.391,1158.531,6,2024-06-19,C9955
ORD100059,2859.1668000000004,1581.6668000000004,7,2024-05-06,C8698
ORD100060,2146.2336,1158.3236000000002,7,2024-10-26,C3619
ORD100061,1822.6296,865.5695999999999,9,2024-06-20,C3288
ORD100062,244.44,56.46000000000001,3,2023-09-21,C3236
ORD100063,611.0999999999999,221.8499999999999,3,2024-11-27,C9268
ORD100064,1403.8740000000003,501.98400000000026,9,2023-10-23,C6011
ORD100065,3568.0554,831.3354000000004,9,2023-08-23,C5089
ORD100066,472.1856,155.5856,2,2024-10-13,C9713
ORD100067,416.4132,201.5732,4,2023-09-24,C6430
ORD100068,1238.4252000000001,572.3352000000001,9,2023-02-24,C9183
ORD100069,117.531,44.971000000000004,2,2023-12-05,C9860
ORD100070,3346.616,882.6959999999999,8,2024-07-26,C1714
ORD100071,50.2656,13.9056,2,2023-05-17,C4253
ORD100072,19.9936,6.9336,2,2023-11-30,C7606
ORD100073,764.64,267.28,8,2023-04-04,C8317
ORD100074,2218.8348,179.07480000000032,6,2024-05-09,C2336
ORD100075,1320.6,605.6499999999999,5,2023-12-09,C3865
ORD100076,2291.6712,694.8712000000003,8,2023-08-26,C5933
ORD100077,524.3904,187.8204,3,2023-06-13,C8192
ORD100078,169.65,28.75,5,2024-02-11,C2016
ORD100079,2572.8,698.1600000000003,6,2024-04-27,C6406
ORD100080,629.937,120.33700000000005,7,2024-11-08,C3667
ORD100081,54.467999999999996,23.027999999999995,3,2023-11-11,C2946
ORD100082,1436.6802,394.4802000000002,6,2023-04-26,C5638
ORD100083,221.90399999999997,45.053999999999974,5,2024-08-22,C4725
ORD100084,235.79999999999998,85.99999999999997,5,2024-03-29,C6720
ORD100085,2856.4728,151.11279999999988,8,2024-05-19,C3858
ORD100086,774.852,214.41199999999992,4,2023-03-12,C8408
ORD100087,871.85,327.8800000000001,7,2023-08-13,C1702
ORD100088,1550.1861,569.6360999999998,9,2024-07-06,C8756
ORD100089,1742.0172,217.34719999999993,7,2024-08-22,C1268
ORD100090,313.398,47.53800000000001,9,2023-11-10,C7622
ORD100091,375.96,199.31999999999996,6,2024-08-02,C4117
ORD100092,883.6425,273.9825000000001,3,2024-08-29,C4449
ORD100093,2749.0499999999997,884.1599999999996,9,2023-10-06,C1171
ORD100094,2568.0336,282.93359999999984,6,2024-10-08,C7318
ORD100095,479.808,94.72799999999995,3,2023-07-27,C2489
ORD100096,108.2811,15.4011,3,2023-06-22,C6931
ORD100097,764.4455999999999,119.98559999999986,3,2024-05-06,C7525
ORD100098,2131.3072,701.2272000000003,8,2024-04-03,C8606
ORD100099,74.1,15.789999999999992,1,2023-04-11,C7372
ORD100100,1950.69,329.07000000000016,7,2024-08-22,C3713
ORD100101,473.294,207.99399999999997,5,2023-05-24,C7646
ORD100102,406.21439999999996,120.76439999999997,1,2024-08-02,C8432
ORD100103,2309.568,987.0480000000002,6,2023-01-06,C3854
ORD100104,1523.6899999999998,468.8599999999999,7,2024-07-27,C2117
ORD100105,2978.6064,1482.0764000000001,7,2024-07-20,C9009
ORD100106,2229.4545000000003,440.0545000000002,5,2024-07-15,C2331
ORD100107,237.2912,74.81120000000001,4,2024-04-23,C6343
ORD100108,329.15520000000004,80.67520000000005,2,2023-12-06,C3126
ORD100109,265.9008,141.5208,1,2024-05-22,C2134
ORD100110,187.96,53.96000000000001,4,2023-07-19,C7986
ORD100111,1003.1556,276.1956,6,2024-07-16,C2293
ORD100112,124.8804,33.3904,1,2024-02-05,C7031
ORD100113,3900.5694000000003,1577.1294000000003,9,2023-11-27,C7237
ORD100114,1026.9516,443.8116000000001,6,2023-12-31,C1541
ORD100115,1101.6575999999998,417.7775999999998,3,2024-02-14,C2556
ORD100116,1396.5462,-61.54379999999992,9,2023-01-27,C8148
ORD100117,109.59,38.99000000000001,2,2023-04-11,C5565
ORD100118,3267.8855999999996,528.5555999999997,9,2023-06-26,C2092
ORD100119,26.994197999999997,11.247797999999996,3,2023-03-24,C9924
ORD100120,130.76,36.19999999999999,4,2023-11-13,C3384
ORD100121,600.5988000000001,224.43880000000007,4,2024-04-26,C1036
ORD100122,2763.5301,890.6301000000001,9,2024-04-16,C9316
ORD100123,501.5232,206.1132,3,2023-12-06,C1149
ORD100124,275.7078,122.2578,9,2024-09-07,C5979
ORD100125,629.8404,269.1204,4,2024-02-11,C9936
ORD100126,352.29329999999993,141.0932999999999,3,2023-02-27,C6199
ORD100127,47.377571999999994,15.884771999999991,6,2024-07-04,C6261
ORD100128,1869.2289000000003,287.8589000000004,7,2024-02-18,C4493
ORD100129,228.3736,74.89360000000002,4,2024-04-01,C2142
ORD100130,238.64220000000003,-0.43779999999998154,2,2024-02-12,C6153
ORD100131,1134.8128,351.1328,4,2024-02-03,C9074
ORD100132,1455.72,639.8199999999999,5,2023-03-07,C1819
ORD100133,109.6821,41.49210000000001,1,2024-02-07,C8922
ORD100134,151.155,53.175,1,2024-07-26,C4735
ORD100135,1144.98,519.3000000000001,9,2023-08-07,C5825
ORD100136,473.8734,95.91340000000002,1,2024-03-10,C2488
ORD100137,333.6816,53.481600000000014,4,2023-01-23,C6595
ORD100138,669.69,227.50000000000006,7,2023-09-08,C2640
ORD100139,628.5591,208.79909999999995,3,2023-11-11,C3458
ORD100140,429.38849999999996,143.73849999999993,5,2024-12-08,C7493
ORD100141,64.4046,8.634599999999999,1,2023-06-04,C1454
ORD100142,398.69599999999997,207.25599999999997,8,2023-07-19,C5024
ORD100143,1834.716,920.9759999999999,6,2023-10-22,C6350
ORD100144,2217.456,895.8560000000002,8,2024-12-15,C2188
ORD100145,2274.7367999999997,1027.4567999999997,8,2024-09-06,C3652
ORD100146,1411.5192,318.4392,4,2023-01-25,C4091
ORD100147,136.57100000000003,68.09100000000002,1,2023-06-18,C6971
ORD100148,1764.9407999999999,897.0207999999999,4,2024-08-14,C9789
ORD100149,654.9332,61.69320000000005,2,2023-02-11,C8525
ORD100150,1734.319,22.41899999999987,5,2024-09-08,C2707
ORD100151,673.0967999999999,224.7967999999999,2,2023-07-22,C1163
ORD100152,1362.8267999999998,340.06679999999983,9,2024-10-22,C1467
ORD100153,774.8340000000001,123.59400000000005,6,2023-07-31,C6360
ORD100154,539.658,272.20799999999997,3,2023-11-09,C2406
ORD100155,419.99760000000003,137.39760000000007,9,2024-04-21,C3081
ORD100156,1390.8342,679.5642,7,2023-04-01,C8625
ORD100157,100.13,38.97,4,2024-02-06,C8864
ORD100158,17.44523,5.725229999999998,2,2023-12-30,C8550
ORD100159,1491.488,113.48800000000006,4,2024-07-18,C3282
ORD100160,1765.7220000000002,13.962000000000444,6,2024-12-18,C6576
ORD100161,1942.1346000000003,484.10460000000035,7,2024-04-23,C6496
ORD100162,464.17949999999996,112.84949999999998,3,2023-10-22,C2667
ORD100163,2011.94,524.3,7,2023-10-20,C5981
ORD100164,1272.0404999999998,339.3104999999998,3,2023-10-28,C5726
ORD100165,806.7078,207.75779999999997,3,2024-08-09,C4565
ORD100166,1379.6965,573.6465,5,2023-08-20,C7764
ORD100167,414.384,119.16399999999999,2,2023-05-01,C7097
ORD100168,704.48,340.76,4,2023-08-29,C5793
ORD100169,1304.9016,436.38159999999993,4,2023-01-17,C7531
ORD100170,1280.4398999999999,594.9398999999999,3,2023-03-18,C7867
ORD100171,1295.8652,309.7751999999999,7,2023-03-06,C6101
ORD100172,489.8844,184.9644,3,2024-07-09,C3408
ORD100173,1396.9648,588.9548,7,2024-06-04,C7825
ORD100174,1373.6268,430.8668,7,2024-05-16,C7457
ORD100175,2972.16,1565.9399999999998,6,2023-11-29,C9849
ORD100176,979.4136000000001,92.55360000000007,3,2024-05-31,C2347
ORD100177,1462.4,583.2800000000001,8,2023-04-27,C4773
ORD100178,566.67,250.16999999999996,3,2024-10-10,C9317
ORD100179,648.1728,377.69280000000003,3,2023-12-27,C5630
ORD100180,144.5808,0.10080000000002087,8,2024-11-06,C9482
ORD100181,979.8736,253.8736,4,2023-04-20,C1112
ORD100182,2504.8408,832.8907999999999,7,2023-12-25,C1316
ORD100183,312.0612,142.5912,1,2024-05-16,C8163
ORD100184,619.3199999999999,163.9199999999999,6,2023-12-23,C4225
ORD100185,2426.1232,13.243199999999888,8,2023-11-18,C5681
ORD100186,2527.91,1083.5299999999997,7,2023-04-30,C4851
ORD100187,761.1744,388.0944,6,2023-10-02,C4671
ORD100188,2255.904,1130.144,8,2023-06-21,C9454
ORD100189,811.5888,440.03880000000004,3,2023-08-06,C1846
ORD100190,1615.4496,379.00959999999986,4,2024-05-07,C7949
ORD100191,72.36,11.46,1,2024-03-29,C9006
ORD100192,681.7439999999999,80.44399999999985,7,2024-03-13,C6916
ORD100193,1718.8500000000001,424.76,7,2023-09-18,C4554
ORD100194,180.432,91.532,7,2024-11-21,C2439
ORD100195,1209.5328,-29.467200000000048,7,2023-03-05,C7142
ORD100196,790.34,357.62,2,2023-09-04,C5218
ORD100197,415.0608,155.56079999999997,6,2023-03-26,C2344
ORD100198,1449.5341,294.32410000000004,7,2023-09-02,C4236
ORD100199,811.7016000000001,393.9016000000001,2,2024-11-23,C9652
ORD100200,1162.2065,176.75649999999996,5,2023-09-21,C3388
ORD100201,1902.6252,-19.864800000000287,9,2024-10-16,C2605
ORD100202,1025.0240000000001,181.58400000000006,4,2023-12-23,C7137
ORD100203,591.1562999999999,80.36629999999991,7,2024-05-18,C2795
ORD100204,389.25,165.2,5,2023-11-26,C9278
ORD100205,2041.7400000000002,1164.4800000000002,6,2023-07-11,C8729
ORD100206,1048.698,136.57799999999997,6,2024-07-04,C9850
ORD100207,775.17,179.30999999999995,6,2024-11-28,C9212
ORD100208,141.3152,8.355199999999996,8,2023-07-09,C3193
ORD100209,3585.2634,1860.5933999999997,9,2024-07-14,C2909
ORD100210,49.14,15.300000000000004,3,2023-07-08,C4083
ORD100211,3182.9903999999997,1278.9503999999997,9,2024-05-31,C5227
ORD100212,1013.0976,189.23760000000004,6,2024-07-22,C8919
ORD100213,1536.8850000000002,172.72500000000014,6,2023-11-20,C7600
ORD100214,290.928,-27.73199999999997,3,2024-06-14,C6799
ORD100215,304.7424,130.1024,4,2023-07-16,C8904
ORD100216,1533.4709999999998,529.2509999999997,6,2023-02-27,C6812
ORD100217,1397.32,820.1999999999999,4,2023-03-11,C4411
ORD100218,238.1418,81.27179999999998,3,2023-11-18,C4716
ORD100219,1538.16,533.44,8,2024-10-11,C5652
ORD100220,774.3439999999999,173.58399999999995,4,2023-04-02,C1798
ORD100221,436.449,25.569000000000017,6,2023-11-25,C7674
ORD100222,247.689,87.119,1,2024-05-21,C6874
ORD100223,77.24,24.64999999999999,1,2023-05-26,C7579
ORD100224,1893.9488,302.9087999999999,8,2024-06-03,C5804
ORD100225,119.854,57.634,2,2023-08-09,C8045
ORD100226,1825.3295999999998,737.4095999999997,8,2024-08-05,C9546
ORD100227,1332.8388,304.9488000000001,9,2024-02-22,C6128
ORD100228,1087.085,228.78500000000008,5,2024-01-29,C4999
ORD100229,1757.68,401.76,8,2023-05-08,C1941
ORD100230,1399.6444000000001,501.3244000000001,4,2023-11-30,C8007
ORD100231,1960.3584,528.7284000000002,9,2024-09-08,C9134
ORD100232,1132.0416,141.50160000000005,3,2023-01-15,C7294
ORD100233,392.112,123.072,4,2024-06-30,C8789
ORD100234,616.7232,191.16320000000002,4,2023-12-21,C8749
ORD100235,296.8768,12.396799999999985,8,2024-06-02,C8182
ORD100236,181.2795,85.11950000000002,1,2024-04-22,C5525
ORD100237,2392.3912,463.6712,8,2023-11-08,C1898
ORD100238,356.9065,28.30649999999997,1,2023-08-11,C1029
ORD100239,718.5276,318.32759999999996,3,2024-03-27,C2839
ORD100240,1718.6255999999998,325.36559999999986,6,2023-04-11,C4878
ORD100241,170.66,57.239999999999995,2,2024-02-25,C7691
ORD100242,91.33800000000001,-0.4619999999999891,5,2023-03-10,C5101
ORD100243,3357.6893999999998,470.21939999999995,9,2024-04-12,C1208
ORD100244,610.2528000000001,54.25280000000009,8,2024-03-28,C2892
ORD100245,43.6131,22.113100000000003,1,2023-03-02,C9812
ORD100246,2673.813,589.4130000000005,6,2024-06-29,C9891
ORD100247,2775.9744,490.6949999999997,6,2023-10-27,C4393
ORD100248,288.3465,77.63649999999998,1,2024-07-20,C8244
ORD100249,1085.3052,311.3052,6,2023-01-30,C7473
ORD100250,2087.25,1210.1,5,2023-05-10,C9380
ORD100251,707.161,122.66099999999994,7,2023-12-22,C8987
ORD100252,574.3320000000001,299.6520000000001,3,2023-05-16,C6658
ORD100253,436.12800000000004,141.16800000000006,3,2023-08-26,C4551
ORD100254,2749.8758000000003,138.66580000000022,7,2024-04-20,C6639
ORD100255,3222.03,556.1500000000005,7,2023-04-15,C3871
ORD100256,556.223,2.3829999999999245,2,2024-05-02,C4132
ORD100257,112.46159999999999,38.96159999999999,2,2023-03-16,C6478
ORD100258,1257.4404,555.8603999999999,6,2023-05-07,C6142
ORD100259,910.368,283.648,8,2024-02-28,C6228
ORD100260,815.1752,419.9552,2,2024-07-25,C4461
ORD100261,133.78820000000002,17.24820000000001,2,2023-05-03,C4681
ORD100262,229.536,63.21600000000001,8,2023-08-04,C1091
ORD100263,1955.9057,514.8857,7,2024-10-28,C6415
ORD100264,1857.978,958.3380000000001,9,2024-12-13,C6181
ORD100265,2721.5352000000003,764.8952000000002,8,2024-02-23,C9417
ORD100266,309.5172,11.437200000000018,9,2023-11-18,C5538
ORD100267,682.6009999999999,107.18099999999993,2,2023-09-07,C5208
ORD100268,70.44,39.66,3,2024-03-16,C1609
ORD100269,45.90270000000001,19.142700000000012,3,2024-03-01,C2770
ORD100270,219.349,84.809,1,2023-08-01,C4041
ORD100271,769.7088,361.3888,8,2023-01-17,C4394
ORD100272,1757.4732,286.33320000000003,6,2023-04-20,C4263
ORD100273,17.6022,5.2722,1,2024-11-21,C4546
ORD100274,33.3296,13.389599999999998,2,2023-10-29,C7919
ORD100275,715.2823999999999,164.50239999999997,2,2023-12-14,C2179
ORD100276,353.2572,106.49720000000002,4,2023-12-03,C3990
ORD100277,1468.1885,626.5384999999999,5,2024-07-17,C2465
ORD100278,1049.6259,308.68590000000006,3,2023-02-16,C3769
ORD100279,278.397,152.84699999999998,9,2023-03-01,C7160
ORD100280,772.06,301.53999999999996,2,2023-07-18,C1420
ORD100281,744.498,99.49800000000005,6,2023-12-17,C4054
ORD100282,783.4068000000001,136.4068000000001,4,2024-04-28,C1213
ORD100283,178.1508,71.99080000000001,4,2023-12-20,C9593
ORD100284,2789.5968,473.5967999999998,8,2023-11-14,C7544
ORD100285,2237.8752,961.0452,9,2024-11-06,C3192
ORD100286,254.81,88.65,1,2023-04-26,C2783
ORD100287,2010.3845,764.6344999999999,5,2024-02-16,C1890
ORD100288,307.04400000000004,82.86400000000003,2,2024-01-26,C5255
ORD100289,1676.7343999999998,825.3743999999998,4,2023-12-07,C7780
ORD100290,1820.6999999999998,35.63999999999987,6,2024-08-04,C6257
ORD100291,1691.2168000000001,206.09680000000026,4,2023-07-12,C8928
ORD100292,1349.4492,597.5592,3,2024-11-17,C4094
ORD100293,1114.5645,0.3044999999999618,3,2023-08-27,C3502
ORD100294,189.48600000000002,96.21600000000002,3,2024-01-28,C5301
ORD100295,1089.3519000000001,211.70190000000002,3,2024-01-10,C2818
ORD100296,1499.9784,649.8184,4,2024-09-03,C9779
ORD100297,1836.8532,791.3332,7,2023-11-13,C2671
ORD100298,134.45759999999999,33.58759999999998,1,2023-07-24,C5309
ORD100299,482.75,187.58999999999997,1,2023-01-16,C5697
ORD100300,504.4025,165.35249999999996,5,2023-09-19,C1513
ORD100301,1395.1637,275.0937000000001,7,2024-08-17,C5215
ORD100302,655.2185999999999,318.31859999999995,3,2023-01-08,C5091
ORD100303,156.60240000000002,84.58240000000002,2,2024-10-07,C3334
ORD100304,1718.9609999999998,259.9409999999998,6,2024-01-26,C2151
ORD100305,164.6064,31.206400000000002,4,2023-04-11,C1406
ORD100306,2241.6352,1215.2952,7,2023-08-06,C1077
ORD100307,773.6092,288.7892,2,2024-02-03,C5332
ORD100308,309.633,69.11299999999997,2,2023-08-16,C1808
ORD100309,1727.3760000000002,488.82600000000025,5,2023-03-20,C9633
ORD100310,297.36,42.04000000000002,4,2024-04-24,C3202
ORD100311,2610.2384,862.1984000000002,7,2024-04-29,C6872
ORD100312,2381.3,841.3000000000002,5,2023-03-27,C7060
ORD100313,296.5344,83.6944,4,2023-07-22,C5459
ORD100314,639.3448000000001,263.7848000000001,2,2023-06-25,C8951
ORD100315,418.8396,202.1596,2,2024-04-19,C1996
ORD100316,1876.6299999999999,1122.3799999999999,7,2024-06-09,C3106
ORD100317,989.6408999999999,163.5908999999998,3,2024-06-07,C3271
ORD100318,1160.571,555.4709999999999,5,2024-11-06,C2218
ORD100319,1982.1696000000004,329.6896000000004,8,2024-07-07,C3652
ORD100320,966.33,258.03,9,2023-08-19,C3813
ORD100321,438.5808,103.9608,3,2023-03-19,C7882
ORD100322,368.2965,32.466499999999996,1,2024-03-18,C3714
ORD100323,386.69399999999996,89.68399999999997,7,2024-10-21,C8889
ORD100324,1852.928,989.128,7,2024-12-03,C7953
ORD100325,268.45379999999994,52.09379999999993,3,2023-06-15,C9113
ORD100326,2111.7192,513.5591999999999,6,2023-06-20,C1946
ORD100327,583.26,258.88,2,2023-01-27,C9860
ORD100328,1388.6228999999998,347.7229,7,2023-04-12,C6525
ORD100329,774.5332,136.20320000000004,7,2024-02-04,C9840
ORD100330,530.9760000000001,172.71600000000012,3,2024-01-29,C4193
ORD100331,2395.1,490.7004999999999,5,2023-09-25,C9576
ORD100332,812.3096,100.86959999999999,4,2023-08-12,C6296
ORD100333,216.03400000000002,56.35400000000001,1,2024-08-20,C1646
ORD100334,748.82,425.74000000000007,2,2023-11-28,C4690
ORD100335,1733.67,822.33,9,2024-08-04,C2240
ORD100336,1082.85,431.89999999999986,5,2024-11-24,C9470
ORD100337,309.222,74.28199999999998,2,2023-08-17,C3739
ORD100338,72.53609999999999,22.25609999999999,1,2023-05-26,C3001
ORD100339,1218.356,152.836,4,2024-11-17,C5975
ORD100340,3698.2889999999993,1659.6989999999994,9,2024-04-02,C4826
ORD100341,1794.9492,496.8292000000001,4,2023-07-29,C1872
ORD100342,3691.17,645.1200000000003,9,2024-03-23,C8347
ORD100343,1028.835,178.03500000000008,5,2024-01-06,C8611
ORD100344,896.9576000000002,135.70760000000018,7,2024-10-13,C7685
ORD100345,2463.5135999999998,411.03359999999975,8,2023-07-04,C6550
ORD100346,396.3914,187.27139999999997,1,2024-12-14,C4622
ORD100347,346.64549999999997,86.20549999999997,1,2024-11-04,C5880
ORD100348,2182.0634999999997,301.69349999999963,9,2023-05-11,C5688
ORD100349,2926.8215999999998,877.6115999999997,9,2023-04-29,C2487
ORD100350,627.6042000000001,241.90420000000012,2,2024-01-19,C1736
ORD100351,2511.8184,226.53899999999976,6,2023-02-02,C3279
ORD100352,3307.3056,1658.4156,9,2023-08-04,C5088
ORD100353,1639.1421,550.9521,9,2023-11-10,C2442
ORD100354,307.56359999999995,106.41359999999997,3,2024-11-28,C1959
ORD100355,1777.1776,547.2575999999999,8,2024-12-15,C8666
ORD100356,803.76,212.51999999999998,6,2023-04-20,C4374
ORD100357,3480.9246000000003,844.5546000000004,9,2024-10-04,C6257
ORD100358,487.236,67.916,2,2023-03-07,C5715
ORD100359,1288.818,407.778,6,2024-06-22,C7615
ORD100360,177.36,65.34000000000002,1,2024-08-31,C7657
ORD100361,1183.1568,155.59680000000003,4,2024-10-03,C3663
ORD100362,249.30849999999998,47.76849999999999,1,2023-06-10,C8630
ORD100363,256.23359999999997,116.31359999999998,4,2024-10-05,C4340
ORD100364,3342.7967999999996,1929.6767999999997,8,2023-03-25,C8516
ORD100365,1008.5592000000001,259.5192000000002,6,2024-01-09,C4643
ORD100366,565.3553999999999,52.47539999999992,3,2023-12-05,C1998
ORD100367,388.7884,111.58840000000004,4,2023-08-16,C7839
ORD100368,1115.72,563.4,4,2023-01-16,C1271
ORD100369,2368.9344,558.6644000000001,7,2024-07-09,C7950
ORD100370,1323.54,395.34000000000003,3,2023-08-30,C1388
ORD100371,26.884,6.894000000000002,1,2024-04-21,C2861
ORD100372,2093.2400000000002,188.84050000000025,5,2023-10-23,C6429
ORD100373,2487.8656,359.30560000000014,8,2023-09-27,C9472
ORD100374,699.5039999999999,189.0039999999999,5,2024-09-30,C4675
ORD100375,186.9472,38.4272,2,2023-03-10,C2085
ORD100376,142.4664,36.67639999999999,1,2024-06-14,C3095
ORD100377,3906.8568000000005,1395.6768000000006,9,2024-06-21,C9064
ORD100378,877.5312000000001,241.5812000000002,7,2023-10-01,C7539
ORD100379,388.606,51.82600000000002,2,2023-07-08,C1903
ORD100380,290.5588,51.47880000000001,1,2023-01-04,C4463
ORD100381,829.597,287.73699999999997,2,2024-11-05,C3380
ORD100382,1072.4076,467.36760000000004,4,2024-11-13,C2600
ORD100383,2840.9808,677.3807999999999,8,2023-06-23,C8617
ORD100384,154.35999999999999,28.919999999999987,2,2023-01-23,C6558
ORD100385,3303.6863999999996,1356.5663999999997,8,2023-03-30,C2615
ORD100386,130.1616,50.88159999999999,1,2023-02-18,C6855
ORD100387,479.84999999999997,234.63999999999996,7,2024-08-21,C4721
ORD100388,1347.5424,204.90269999999987,3,2024-10-04,C1553
ORD100389,839.5281,97.11810000000003,9,2023-04-21,C5048
ORD100390,337.776,100.77600000000001,5,2024-06-21,C2666
ORD100391,717.9264,169.3463999999999,3,2023-05-10,C3207
ORD100392,483.63480000000004,126.24480000000005,3,2023-09-22,C8910
ORD100393,539.676,177.51600000000002,8,2024-03-07,C7391
ORD100394,1210.2,194.68000000000006,4,2024-06-02,C2206
ORD100395,1446.6599999999999,799.7799999999999,4,2024-09-21,C8661
ORD100396,2282.3962,1126.0662000000002,7,2023-02-02,C6168
ORD100397,319.72200000000004,50.872000000000014,5,2023-05-22,C8870
ORD100398,1616.5439999999999,788.9639999999998,6,2023-07-21,C7722
ORD100399,1957.2959999999998,587.2959999999998,5,2023-08-12,C4053
ORD100400,83.89259999999999,20.20259999999999,1,2024-12-19,C5813
ORD100401,86.24000000000001,36.42000000000001,1,2024-07-13,C5777
ORD100402,7.437177,2.188377,1,2023-08-19,C7478
ORD100403,1445.2074000000002,317.80740000000014,6,2024-11-30,C3235
ORD100404,506.85,113.89999999999998,5,2023-12-26,C3997
ORD100405,2544.5,958.3699999999999,7,2023-12-27,C3202
ORD100406,3855.213,1720.6830000000004,9,2023-11-09,C3664
ORD100407,186.3276,42.54759999999999,2,2023-04-14,C2451
ORD100408,2936.7000000000003,1161.3600000000004,9,2024-11-03,C1328
ORD100409,919.5282,180.53819999999996,9,2023-01-11,C9459
ORD100410,64.2642,10.024200000000008,6,2023-05-06,C1668
ORD100411,1750.208,750.0580000000001,5,2023-06-15,C8991
ORD100412,342.93480000000005,17.814800000000048,2,2023-07-21,C1027
ORD100413,805.222,205.582,2,2023-04-05,C7995
ORD100414,266.7753,137.45530000000002,1,2023-01-13,C3955
ORD100415,457.884,132.68399999999997,6,2024-05-02,C5658
ORD100416,828.6096,75.80960000000005,4,2024-11-28,C3539
ORD100417,206.64280000000002,55.36280000000002,2,2023-03-29,C5414
ORD100418,861.6552,391.7352,2,2023-08-02,C5063
ORD100419,270.66,20.860000000000014,1,2023-12-31,C5767
ORD100420,1022.5908,472.5107999999999,6,2024-10-29,C4539
ORD100421,1509.7509,309.04089999999997,7,2024-05-14,C5828
ORD100422,1877.0562,591.4361999999999,6,2024-07-05,C8428
ORD100423,353.259,152.55900000000003,1,2024-02-23,C4910
ORD100424,38.4162,13.556200000000004,1,2023-10-28,C4252
ORD100425,15.342499999999998,2.032499999999997,1,2023-05-24,C2185
ORD100426,366.8175,145.5475,7,2024-09-14,C4237
ORD100427,1403.64,336.21000000000004,7,2024-08-01,C2130
ORD100428,608.9316,113.0616,3,2023-01-19,C2642
ORD100429,72.55,26.14,1,2024-05-30,C9569
ORD100430,575.5152,286.58520000000004,3,2023-03-02,C1804
ORD100431,1484.704,604.544,8,2024-06-16,C5337
ORD100432,100.3,43.599999999999994,2,2024-08-17,C8507
ORD100433,3670.0,1232.88,8,2023-04-05,C9577
ORD100434,1492.821,229.17100000000005,5,2023-11-09,C2320
ORD100435,378.8736,65.21359999999999,2,2023-03-31,C2472
ORD100436,2049.9192,1102.3991999999998,9,2024-02-13,C4352
ORD100437,802.65,382.7,5,2024-10-29,C5989
ORD100438,2695.707,1285.627,7,2023-02-28,C9637
ORD100439,254.8744,11.854399999999998,1,2023-10-14,C2869
ORD100440,919.8896000000001,413.9296000000001,4,2024-12-01,C2479
ORD100441,2352.3923999999997,1010.4323999999997,6,2023-08-05,C3278
ORD100442,2216.5440000000003,505.28400000000056,6,2023-04-06,C8868
ORD100443,382.89959999999996,118.00959999999998,1,2023-12-18,C1270
ORD100444,700.08,348.90000000000003,6,2024-01-02,C4420
ORD100445,647.208,136.998,9,2024-04-22,C2070
ORD100446,2717.344,1487.184,8,2023-08-14,C2413
ORD100447,450.26199999999994,256.5419999999999,2,2024-11-19,C9250
ORD100448,2658.2256,1307.2356,9,2024-01-11,C1014
ORD100449,2109.7503,603.0703000000001,7,2023-07-26,C3893
ORD100450,136.062,9.262000000000015,1,2024-11-22,C9237
ORD100451,250.948,62.367999999999995,2,2024-10-27,C6472
ORD100452,2231.64,581.0399999999997,9,2023-12-26,C1645
ORD100453,247.1216,94.16159999999999,2,2023-01-18,C5184
ORD100454,301.779,59.119,1,2024-03-05,C9737
ORD100455,1498.52,-65.13000000000011,5,2024-02-04,C4603
ORD100456,1121.702,452.25200000000007,5,2023-04-17,C5757
ORD100457,2005.3056000000001,153.52560000000017,6,2024-04-01,C5786
ORD100458,1267.7364000000002,205.19640000000027,6,2024-08-28,C6943
ORD100459,2930.9553,557.6553000000004,9,2023-03-18,C2684
ORD100460,806.3747999999999,388.12479999999994,7,2024-06-04,C8556
ORD100461,259.511,3.9310000000000116,1,2023-04-12,C9896
ORD100462,355.4001,129.2501,1,2024-06-23,C2282
ORD100463,124.6427,10.90270000000001,1,2023-10-29,C8363
ORD100464,975.1307999999999,70.49079999999992,4,2023-01-05,C8351
ORD100465,1507.8976,516.6176,4,2024-11-26,C7673
ORD100466,1064.0628,108.62279999999998,9,2023-04-30,C4337
ORD100467,1344.2884000000001,165.2084000000002,4,2024-03-05,C5218
ORD100468,439.0332,121.3632,1,2023-05-11,C8552
ORD100469,3435.6168000000002,1919.2168000000001,8,2024-11-02,C2375
ORD100470,446.2125,157.4925,3,2024-06-15,C8457
ORD100471,2530.1196,1334.9196,9,2024-08-02,C9285
ORD100472,2947.4039000000002,1390.1139000000003,7,2023-11-08,C7136
ORD100473,2130.6672,207.06719999999996,8,2023-12-03,C4072
ORD100474,460.83359999999993,215.31359999999992,8,2024-04-01,C6031
ORD100475,51.6812,12.601199999999999,2,2024-07-19,C1450
ORD100476,2377.2599999999998,745.4399999999996,6,2024-09-01,C9385
ORD100477,781.508,194.06799999999998,4,2023-01-13,C4081
ORD100478,709.6085999999999,333.40859999999986,6,2024-04-22,C1513
ORD100479,1004.1569999999999,185.08699999999988,7,2023-03-20,C8149
ORD100480,1899.5,605.0,5,2023-07-27,C6917
ORD100481,670.605,207.04499999999996,3,2024-08-20,C6603
ORD100482,3796.7643000000003,1903.1643000000001,9,2023-06-30,C1486
ORD100483,1725.9372,120.87720000000013,6,2024-07-27,C7756
ORD100484,3780.2063999999996,2092.9263999999994,8,2023-11-30,C6735
ORD100485,1147.6098000000002,258.8298000000002,3,2023-06-17,C8141
ORD100486,859.36,234.39999999999998,8,2023-08-29,C8445
ORD100487,904.2579000000001,394.85790000000003,3,2024-01-18,C2907
ORD100488,75.85,17.949999999999996,5,2024-07-04,C2895
ORD100489,3962.896,2063.1360000000004,8,2024-03-12,C9313
ORD100490,445.5439999999999,5.463999999999942,4,2024-11-02,C5778
ORD100491,1002.21,202.38,3,2024-09-16,C4941
ORD100492,3330.3339,1177.9839000000002,9,2024-06-26,C3584
ORD100493,676.2843,267.95430000000005,9,2024-03-10,C6750
ORD100494,1108.4669999999999,519.9869999999999,3,2023-07-28,C7784
ORD100495,28.534799999999997,1.5947999999999958,3,2023-10-25,C1020
ORD100496,651.1998,193.0698,3,2023-03-27,C5973
ORD100497,233.8868,135.0068,1,2023-09-27,C9939
ORD100498,798.7139999999999,199.71399999999994,5,2024-10-29,C3525
ORD100499,841.4909999999999,452.9909999999999,3,2023-11-03,C3527
ORD100500,3662.8,1252.0,8,2023-03-23,C8902
ORD100501,283.66200000000003,73.74200000000005,2,2024-04-14,C1558
ORD100502,1715.3724,949.9524,6,2024-11-24,C4577
ORD100503,1889.1619999999998,204.01199999999994,5,2024-09-16,C5123
ORD100504,1837.3662000000002,632.5062,6,2023-07-17,C8180
ORD100505,45.288000000000004,12.908000000000001,2,2023-11-23,C2161
ORD100506,1933.888,312.33799999999997,5,2024-01-18,C4906
ORD100507,150.0006,9.600600000000014,6,2023-06-28,C2370
ORD100508,913.0352,175.23520000000008,4,2023-07-13,C8087
ORD100509,2272.032,387.63200000000006,8,2023-06-20,C6689
ORD100510,1774.17,670.8700000000001,5,2024-12-17,C5470
ORD100511,266.832,20.151999999999987,4,2024-06-21,C4535
ORD100512,86.28680000000001,38.816800000000015,1,2024-08-28,C2378
ORD100513,611.2098000000001,69.14980000000014,2,2024-08-10,C9295
ORD100514,367.35,193.60000000000002,5,2024-11-21,C6828
ORD100515,693.1496,-107.97040000000004,4,2023-03-17,C3872
ORD100516,2144.2728,-291.56719999999996,8,2024-09-26,C4725
ORD100517,2304.6144,735.8943999999999,8,2023-02-17,C7534
ORD100518,187.91,48.99000000000001,2,2023-12-09,C7475
ORD100519,746.2080000000001,122.20800000000008,6,2024-03-03,C5149
ORD100520,2398.968,1129.7679999999998,5,2023-09-15,C3725
ORD100521,227.09,67.33000000000001,1,2023-04-16,C6938
ORD100522,129.64800000000002,13.90800000000003,6,2023-05-19,C6923
ORD100523,500.236,138.53599999999994,5,2024-08-16,C6396
ORD100524,160.54919999999998,79.13919999999999,1,2023-08-18,C1655
ORD100525,2229.129,324.7294999999999,5,2023-08-12,C5254
ORD100526,1083.8100000000002,594.1600000000001,7,2024-10-26,C6524
ORD100527,49.873200000000004,12.853200000000008,3,2023-04-14,C9549
ORD100528,994.1759999999999,531.896,4,2024-10-20,C5729
ORD100529,38.495400000000004,16.895400000000002,1,2024-10-25,C4084
ORD100530,230.6824,115.5624,2,2024-03-06,C6001
ORD100531,3789.5193,1272.8492999999999,9,2023-04-30,C2594
ORD100532,1846.8359999999998,386.7359999999999,6,2023-04-23,C1816
ORD100533,60.16,21.979999999999997,2,2023-07-24,C7102
ORD100534,965.175,166.32499999999993,5,2024-02-20,C9874
ORD100535,152.932,26.311999999999983,2,2023-04-21,C8613
ORD100536,210.752,88.75200000000001,4,2023-11-25,C6252
ORD100537,431.576,179.836,2,2023-03-25,C1362
ORD100538,1531.8000000000002,488.0400000000002,6,2024-01-25,C9890
ORD100539,2079.7776,527.8776,6,2023-01-16,C5046
ORD100540,2572.9343999999996,829.4543999999996,6,2024-05-25,C3606
ORD100541,452.5116,192.91159999999996,4,2023-02-09,C9031
ORD100542,1247.076,187.26600000000008,3,2023-05-21,C7716
ORD100543,721.4916000000001,381.0816000000001,3,2023-05-06,C7745
ORD100544,218.31680000000003,36.05680000000004,2,2024-08-21,C3499
ORD100545,1677.6936,908.0136000000001,4,2023-02-08,C9925
ORD100546,110.691,32.241,5,2023-11-06,C5075
ORD100547,1934.2455999999997,773.7155999999998,7,2024-03-01,C5782
ORD100548,336.84599999999995,74.92599999999993,1,2024-01-07,C7757
ORD100549,430.77,248.33999999999997,3,2024-05-05,C6939
ORD100550,3113.496,865.576,8,2024-08-01,C2550
ORD100551,1015.0686,496.1286,9,2023-10-11,C3722
ORD100552,3635.1935999999996,957.7835999999998,9,2024-08-19,C4250
ORD100553,109.2612,49.5012,3,2023-08-17,C9526
ORD100554,151.488,78.588,2,2024-12-09,C7429
ORD100555,313.61580000000004,34.49580000000003,2,2023-12-30,C4296
ORD100556,787.0784,420.41839999999996,2,2024-06-13,C7611
ORD100557,620.217,274.977,9,2024-09-22,C7645
ORD100558,3331.3839999999996,627.2239999999997,8,2024-07-24,C4547
ORD100559,854.784,128.86400000000003,8,2024-09-04,C4627
ORD100560,1346.4612,89.19119999999998,7,2024-01-22,C9047
ORD100561,668.112,275.31199999999995,4,2023-02-01,C6055
ORD100562,272.921,70.571,5,2023-12-22,C2345
ORD100563,3666.0568,839.0167999999999,8,2023-05-11,C7477
ORD100564,1491.168,671.6479999999999,8,2024-10-02,C6305
ORD100565,1646.8724999999997,388.3724999999997,5,2023-06-20,C5579
ORD100566,1924.0063999999998,895.0463999999997,8,2023-06-14,C7525
ORD100567,912.06,90.21999999999991,4,2023-06-29,C9162
ORD100568,967.8552,115.65519999999992,4,2024-04-07,C3973
ORD100569,3561.4656,1323.8656,8,2024-02-16,C4773
ORD100570,1404.64,536.4000000000001,4,2024-11-14,C2705
ORD100571,1786.0569999999998,880.6069999999999,7,2023-10-27,C6822
ORD100572,1621.85,720.6499999999999,5,2023-07-23,C4624
ORD100573,915.51,249.75,3,2023-02-05,C4080
ORD100574,372.96299999999997,90.64299999999997,2,2023-01-06,C7268
ORD100575,1697.004,493.6439999999998,6,2023-09-27,C4673
ORD100576,1055.4789999999998,507.67899999999986,5,2024-10-28,C5178
ORD100577,1413.6743999999999,333.3943999999999,4,2024-01-13,C4960
ORD100578,3222.6565,1267.2765000000002,7,2024-10-05,C3326
ORD100579,369.7001,138.16010000000003,1,2023-03-15,C2132
ORD100580,394.8096,55.63959999999997,1,2023-03-09,C8444
ORD100581,2725.83,1013.8499999999999,9,2024-08-23,C1825
ORD100582,1894.6368000000002,456.49680000000035,6,2023-03-18,C3923
ORD100583,428.39799999999997,36.49799999999999,5,2023-02-07,C7006
ORD100584,179.16140000000001,42.401400000000024,1,2023-10-18,C2181
ORD100585,746.5668,91.84679999999992,6,2024-10-27,C6899
ORD100586,30.483243999999996,9.488043999999995,4,2024-05-11,C7596
ORD100587,2350.0044000000003,362.9844000000003,6,2023-03-13,C6965
ORD100588,406.6534,187.97339999999997,1,2024-08-25,C3744
ORD100589,1244.5439999999999,695.7939999999999,5,2024-08-30,C1177
ORD100590,659.2823999999999,190.74239999999992,6,2024-07-30,C8985
ORD100591,887.4509999999998,465.05099999999976,3,2024-10-11,C3938
ORD100592,220.23,125.1,1,2023-06-22,C8244
ORD100593,3587.7006,1167.2406,9,2024-12-06,C2780
ORD100594,3467.534,927.7240000000002,7,2023-08-19,C2461
ORD100595,906.78,399.41999999999996,6,2024-07-31,C8002
ORD100596,811.3112,167.87119999999993,7,2024-02-22,C9456
ORD100597,874.9195,79.43949999999995,7,2024-07-15,C8744
ORD100598,102.42,27.200000000000003,2,2024-03-28,C7760
ORD100599,990.2475000000002,236.94750000000022,5,2024-04-07,C3219
ORD100600,102.4976,24.497600000000006,8,2024-03-19,C9217
ORD100601,175.6455,83.0055,3,2024-07-14,C7009
ORD100602,1117.3149,411.2649,9,2024-06-16,C2549
ORD100603,71.5105,1.9204999999999899,1,2023-04-07,C2164
ORD100604,793.6271999999999,24.757199999999784,3,2024-08-17,C8839
ORD100605,206.17200000000003,33.21200000000002,4,2024-01-21,C3476
ORD100606,2107.6362000000004,-67.42379999999957,6,2023-08-21,C7892
ORD100607,222.033,106.63299999999998,2,2024-01-06,C2247
ORD100608,176.25,80.25,3,2024-11-27,C3524
ORD100609,55.8,14.399999999999991,6,2024-09-09,C3551
ORD100610,1077.09,634.4399999999998,3,2024-08-23,C3529
ORD100611,950.616,256.616,8,2023-11-30,C7071
ORD100612,1975.2959999999998,403.4559999999999,8,2024-07-18,C9228
ORD100613,180.75,58.80000000000001,3,2023-10-05,C9192
ORD100614,2246.8032000000003,671.3232000000003,6,2024-05-09,C7673
ORD100615,189.13739999999999,43.09739999999999,3,2024-04-05,C2822
ORD100616,835.6,446.44,4,2023-06-29,C9644
ORD100617,2478.3716999999997,81.64169999999967,7,2023-07-11,C5878
ORD100618,363.5136,194.8536,3,2023-02-14,C5913
ORD100619,222.18300000000002,5.88300000000001,2,2023-04-11,C7311
ORD100620,1167.0047999999997,408.42479999999966,3,2023-11-09,C7921
ORD100621,1186.938,438.318,9,2023-12-11,C9575
ORD100622,23.964236999999997,8.217836999999996,3,2023-04-29,C6240
ORD100623,737.188,312.14799999999997,4,2023-10-28,C6489
ORD100624,56.44799999999999,15.707999999999991,6,2024-03-11,C7709
ORD100625,414.36850000000004,58.11850000000004,1,2023-06-17,C3295
ORD100626,832.566,96.39600000000007,3,2023-09-01,C3769
ORD100627,493.23119999999994,215.27119999999996,2,2023-09-22,C6628
ORD100628,829.9368000000001,166.9068000000001,9,2023-12-30,C1577
ORD100629,2878.5393000000004,393.54930000000013,9,2023-09-21,C3884
ORD100630,2381.6800000000003,550.4100000000003,7,2024-06-14,C7461
ORD100631,89.0715,27.091499999999996,3,2023-08-24,C9784
ORD100632,2381.508,1265.808,6,2023-11-09,C5674
ORD100633,1628.2997999999998,194.29979999999978,6,2023-10-01,C4596
ORD100634,2542.5280000000002,705.0880000000002,8,2023-05-12,C4962
ORD100635,270.28,118.25999999999996,2,2024-05-08,C7168
ORD100636,352.55989999999997,12.919899999999927,7,2023-06-19,C5899
ORD100637,634.8779999999999,268.91799999999995,2,2023-08-02,C1209
ORD100638,2077.4034,225.32340000000022,6,2024-07-24,C5852
ORD100639,1458.9096,777.7095999999999,8,2024-11-14,C4600
ORD100640,16.73,4.460000000000001,1,2024-04-28,C7306
ORD100641,820.08,135.64,2,2024-10-21,C8875
ORD100642,744.8592,18.779199999999946,8,2024-09-07,C9661
ORD100643,146.897,5.9269999999999925,1,2023-12-13,C6491
ORD100644,2034.8468000000003,283.4468000000004,7,2024-07-08,C4262
ORD100645,272.4,129.24999999999997,5,2023-08-25,C4995
ORD100646,162.56,26.840000000000003,4,2023-11-28,C2587
ORD100647,104.90239999999999,-11.017600000000016,8,2024-01-21,C9422
ORD100648,3633.2208,1282.7408,8,2024-11-22,C8624
ORD100649,377.1381,99.81810000000002,3,2024-09-02,C8685
ORD100650,322.0691,172.9291,1,2023-12-19,C3952
ORD100651,900.2994000000001,241.61940000000016,2,2024-04-14,C3899
ORD100652,285.923,45.333,1,2023-05-26,C8708
ORD100653,2312.7516,925.5816,9,2024-08-02,C5900
ORD100654,1214.4132000000002,295.3932000000002,6,2024-02-03,C7341
ORD100655,1193.4811,311.13109999999995,7,2024-01-19,C5407
ORD100656,905.67,532.0799999999999,3,2024-07-05,C4984
ORD100657,3529.856,482.81680000000006,8,2024-03-31,C6689
ORD100658,2350.7259999999997,883.7359999999996,7,2023-02-22,C8316
ORD100659,1158.7961,461.38610000000006,7,2023-07-27,C4006
ORD100660,771.498,430.29800000000006,5,2023-05-08,C8281
ORD100661,2353.302,-79.26799999999957,7,2024-06-13,C3197
ORD100662,342.99749999999995,58.34749999999997,5,2023-01-26,C4625
ORD100663,1429.8144,675.9344,4,2023-05-26,C9213
ORD100664,677.3015999999999,308.3015999999999,6,2024-03-06,C9589
ORD100665,1066.9428,418.6428000000001,3,2024-05-15,C9313
ORD100666,3200.3136,1441.7135999999998,9,2023-12-29,C3844
ORD100667,1518.9930000000002,285.03300000000013,7,2024-09-11,C8589
ORD100668,680.2221999999999,381.39219999999995,7,2024-10-23,C9423
ORD100669,2577.0444,659.4644000000003,7,2023-04-06,C9802
ORD100670,831.794,296.94399999999996,5,2024-11-16,C1188
ORD100671,1473.66,575.9100000000001,9,2024-03-18,C7704
ORD100672,468.5772,164.17720000000003,2,2024-04-03,C9969
ORD100673,1203.2202000000002,583.1802000000002,6,2023-03-10,C7881
ORD100674,319.09229999999997,147.83229999999998,1,2024-03-23,C3098
ORD100675,194.66969999999998,100.79969999999997,3,2024-06-06,C7862
ORD100676,1257.819,659.499,6,2024-02-23,C1947
ORD100677,1540.0455,-334.9045000000001,5,2023-03-02,C5324
ORD100678,205.65,97.47000000000001,9,2024-01-12,C6635
ORD100679,1318.866,571.746,6,2024-11-04,C5107
ORD100680,1248.1696,641.0895999999999,4,2024-06-04,C7297
ORD100681,1315.4832000000001,0.32320000000004256,4,2023-04-09,C3161
ORD100682,1793.52,330.24,6,2024-11-22,C6455
ORD100683,2875.3152,378.75520000000006,8,2024-11-21,C6802
ORD100684,304.2072,70.62720000000002,3,2023-05-02,C6703
ORD100685,937.7208,112.12080000000014,6,2024-07-30,C3603
ORD100686,2262.5280000000002,616.788,6,2023-10-20,C3748
ORD100687,354.848,5.867999999999995,1,2024-03-03,C3320
ORD100688,2378.8674,457.1874,9,2023-11-17,C5155
ORD100689,1269.1536,691.1736000000001,6,2024-07-17,C6273
ORD100690,684.84,260.58000000000004,3,2024-12-18,C4262
ORD100691,182.094,75.894,6,2024-07-26,C4689
ORD100692,3002.0256,1629.8156,7,2024-11-01,C3577
ORD100693,3357.7362000000003,476.74620000000004,9,2024-11-12,C2969
ORD100694,230.84,137.68,1,2023-03-06,C6916
ORD100695,498.75359999999995,81.07359999999994,4,2023-07-02,C8343
ORD100696,349.5,54.27999999999997,2,2024-06-03,C3616
ORD100697,352.22639999999996,108.08639999999997,6,2024-02-29,C8744
ORD100698,1811.45,784.25,5,2023-02-06,C6138
ORD100699,1360.6675,417.1675,5,2023-03-10,C2509
ORD100700,881.2152000000001,52.135200000000054,9,2024-01-10,C4293
ORD100701,1331.9074999999998,535.7074999999998,5,2024-03-19,C1067
ORD100702,1586.6928000000003,582.1328000000003,4,2023-05-01,C1352
ORD100703,51.1602,7.000200000000007,1,2023-05-04,C4024
ORD100704,668.0159999999998,95.37599999999986,3,2023-04-04,C5089
ORD100705,1752.2622000000001,551.9322000000002,9,2024-02-11,C8176
ORD100706,437.8,188.45000000000002,5,2023-01-06,C2208
ORD100707,2027.0628,-16.92720000000031,9,2024-02-17,C8551
ORD100708,1433.312,702.462,5,2023-12-09,C3110
ORD100709,402.0165,221.8665,5,2023-12-02,C2244
ORD100710,277.406,60.24600000000001,4,2024-05-04,C7298
ORD100711,2110.1387999999997,1052.6987999999997,6,2024-01-12,C7968
ORD100712,132.0862,55.50619999999999,1,2024-06-07,C6443
ORD100713,278.9776,63.4076,1,2024-07-04,C2041
ORD100714,1402.8625,304.5625,5,2024-10-24,C2037
ORD100715,2169.2124,580.8923999999997,6,2024-07-29,C4510
ORD100716,1633.5,570.4499999999998,5,2024-01-08,C5054
ORD100717,1448.5495999999998,338.0695999999998,4,2023-12-21,C9986
ORD100718,830.2272,179.70720000000006,3,2023-06-19,C3577
ORD100719,1321.6588,108.97879999999986,7,2024-03-07,C2733
ORD100720,1198.92,291.6600000000001,6,2023-04-11,C9512
ORD100721,175.2842,40.61420000000001,1,2024-11-01,C2385
ORD100722,1060.5,209.54999999999995,5,2024-08-31,C1237
ORD100723,425.1016000000001,49.69160000000005,7,2023-03-28,C4804
ORD100724,1323.5376,532.8976000000001,8,2024-07-19,C4609
ORD100725,557.7396,64.95960000000002,3,2023-03-26,C6576
ORD100726,177.1011,17.621100000000013,9,2024-06-03,C8898
ORD100727,711.5975999999999,250.37759999999992,6,2023-03-05,C9395
ORD100728,1508.76,891.56,4,2023-12-18,C3606
ORD100729,1641.6911999999998,468.45119999999974,6,2024-04-18,C9826
ORD100730,2812.188,881.548,8,2024-06-08,C6693
ORD100731,820.89,215.64,3,2023-10-29,C1626
ORD100732,838.4291999999999,294.2492,2,2024-10-25,C9445
ORD100733,1292.922,599.482,4,2024-07-11,C2241
ORD100734,43.993,16.623,1,2023-05-30,C6296
ORD100735,3400.7952,353.75599999999986,8,2024-04-28,C8115
ORD100736,91.881,44.641799999999996,9,2024-06-09,C3244
ORD100737,1586.2703999999999,267.71039999999994,6,2023-08-29,C3435
ORD100738,3075.0245999999997,1175.0345999999995,9,2024-06-15,C5285
ORD100739,157.4397,55.239699999999985,1,2024-10-08,C8962
ORD100740,1608.8886,453.82860000000005,6,2024-08-11,C3012
ORD100741,700.15,322.42999999999995,4,2024-07-03,C6970
ORD100742,84.0,11.189999999999998,3,2024-04-01,C5072
ORD100743,21.5046,1.884599999999999,3,2023-07-14,C2006
ORD100744,205.24200000000002,91.39200000000002,5,2024-07-26,C7397
ORD100745,299.7018,116.58179999999999,6,2023-09-20,C8491
ORD100746,602.4843999999999,150.64439999999996,2,2024-01-19,C6180
ORD100747,1273.44,119.81999999999994,6,2023-08-15,C2587
ORD100748,1783.6829999999998,445.7429999999997,9,2023-08-14,C2401
ORD100749,302.325,41.714999999999975,1,2023-04-24,C4811
ORD100750,101.30799999999999,53.46799999999999,8,2024-11-23,C5557
ORD100751,726.3108,347.95079999999996,6,2023-04-17,C5969
ORD100752,1543.6476,458.60760000000005,4,2023-03-04,C3192
ORD100753,2709.868,439.97800000000007,7,2024-11-05,C5506
ORD100754,1052.1852000000001,31.225200000000086,6,2024-02-04,C3655
ORD100755,244.3287,91.58869999999999,7,2023-11-12,C7174
ORD100756,336.3108,83.06079999999997,1,2024-06-14,C8167
ORD100757,443.16,134.11,1,2023-10-03,C6873
ORD100758,1107.5328,477.41279999999995,6,2023-04-03,C1011
ORD100759,274.75739999999996,36.64739999999995,3,2024-06-09,C9927
ORD100760,77.9007,22.700700000000005,3,2023-05-07,C1213
ORD100761,1071.3239999999998,480.32399999999984,4,2024-02-03,C9993
ORD100762,2518.3067,704.4667,7,2024-11-14,C1285
ORD100763,578.9350000000001,240.19500000000005,2,2024-11-05,C5647
ORD100764,1020.8519999999999,-155.0880000000002,9,2023-09-17,C1953
ORD100765,1241.2032,586.2431999999999,4,2024-07-15,C1856
ORD100766,817.0652,438.22520000000003,2,2024-03-17,C7149
ORD100767,192.43200000000002,92.41200000000002,1,2023-12-12,C7549
ORD100768,3286.24,1905.2799999999997,8,2023-04-11,C2064
ORD100769,366.16,172.64000000000001,2,2023-09-28,C9789
ORD100770,646.1364,167.77639999999997,4,2024-04-14,C3883
ORD100771,1685.1492,846.8292,7,2024-12-11,C3864
ORD100772,998.835,377.18500000000006,5,2023-01-04,C3672
ORD100773,1260.7686,635.9886000000001,3,2024-05-31,C5150
ORD100774,242.3673,90.78729999999999,1,2024-09-01,C2600
ORD100775,1095.6960000000001,517.916,7,2024-11-15,C4822
ORD100776,581.421,-93.6289999999999,5,2023-11-02,C2889
ORD100777,232.0332,35.9632,1,2023-03-27,C1462
ORD100778,321.6104,58.15040000000005,2,2023-07-15,C4318
ORD100779,2177.04,1086.4199999999998,6,2024-09-04,C7049
ORD100780,367.517,61.577,2,2024-09-24,C7867
ORD100781,718.152,163.43200000000002,4,2024-04-03,C4179
ORD100782,583.5519999999999,319.4119999999999,2,2023-03-30,C3913
ORD100783,280.96,112.87999999999997,8,2023-03-29,C8086
ORD100784,1502.0639999999999,28.703999999999724,6,2023-12-11,C7130
ORD100785,1631.7440000000001,530.5440000000001,8,2024-02-28,C8488
ORD100786,208.6175,77.5575,1,2023-01-24,C9154
ORD100787,1444.12,457.31999999999994,4,2024-05-08,C8390
ORD100788,901.4058,416.5158,3,2024-01-28,C9427
ORD100789,2289.06,165.0,6,2023-01-09,C4749
ORD100790,1524.24,794.88,8,2023-03-10,C4551
ORD100791,420.53759999999994,214.28759999999994,3,2023-11-24,C3893
ORD100792,2510.2000000000003,1500.1000000000001,7,2024-06-04,C3116
ORD100793,1757.94,738.6600000000001,6,2024-08-17,C7738
ORD100794,2465.6624,437.42240000000015,8,2023-11-07,C7429
ORD100795,254.78180000000003,39.51180000000002,1,2023-08-01,C8211
ORD100796,2929.3488,103.16880000000037,9,2024-11-28,C2506
ORD100797,372.50319999999994,118.82319999999993,4,2023-11-27,C5420
ORD100798,815.0328,309.26279999999997,3,2023-08-16,C2997
ORD100799,139.8768,44.35680000000001,2,2023-11-15,C9036
ORD100800,1747.7513999999999,965.2013999999998,9,2023-01-09,C3406
ORD100801,2295.7184,135.39840000000004,8,2023-08-06,C2295
ORD100802,493.1586,182.67859999999996,2,2024-01-07,C6128
ORD100803,964.5,381.20000000000005,5,2024-10-23,C8910
ORD100804,2605.1928,645.6127999999999,7,2024-06-15,C9240
ORD100805,2046.2640000000001,285.14400000000023,6,2024-07-16,C1864
ORD100806,440.74659999999994,174.70659999999992,2,2024-01-28,C3932
ORD100807,1787.0527999999997,419.2927999999997,4,2023-03-21,C2381
ORD100808,825.8303999999999,206.59039999999993,4,2023-10-09,C3770
ORD100809,936.3870000000001,9.117000000000075,3,2024-12-18,C5804
ORD100810,793.17,472.7699999999999,9,2023-02-01,C3524
ORD100811,234.352,94.71200000000002,2,2024-09-25,C1607
ORD100812,953.0954999999999,214.80549999999994,7,2024-05-07,C5589
ORD100813,428.6286,24.438600000000065,9,2023-07-24,C1475
ORD100814,1946.0351999999998,254.83519999999976,8,2024-07-14,C3040
ORD100815,777.3192,242.27920000000006,8,2024-08-25,C1004
ORD100816,586.8128,270.79280000000006,2,2023-02-01,C1781
ORD100817,198.2,102.46,2,2023-03-18,C4926
ORD100818,518.5376,154.61759999999998,8,2024-04-24,C8655
ORD100819,2883.965,1206.0650000000003,7,2024-12-20,C7970
ORD100820,1968.4384999999997,465.7484999999999,7,2023-01-18,C1889
ORD100821,1836.6768,382.95679999999993,4,2024-04-24,C1313
ORD100822,1051.8325,339.7825,5,2023-04-09,C4042
ORD100823,18.515800000000002,6.235800000000003,1,2024-04-13,C6869
ORD100824,676.9854,315.6954,3,2024-03-24,C7719
ORD100825,1195.8225,472.22249999999997,5,2023-03-07,C8407
ORD100826,20.352400000000003,2.632400000000004,2,2024-05-05,C4079
ORD100827,741.8532,256.9132,2,2024-10-07,C2511
ORD100828,255.74980000000002,108.77980000000002,1,2024-09-13,C1237
ORD100829,747.24,412.78000000000003,2,2023-01-21,C2321
ORD100830,2043.3231000000003,1049.0931000000003,9,2023-06-27,C1586
ORD100831,1959.9930000000002,442.9530000000002,7,2023-06-23,C8746
ORD100832,1096.686,291.27599999999995,9,2023-11-23,C3415
ORD100833,1256.4858,331.1658,3,2023-04-13,C8407
ORD100834,1037.136,274.356,6,2024-09-07,C5977
ORD100835,668.2905,308.11049999999994,9,2024-07-13,C5849
ORD100836,118.9552,37.235200000000006,4,2024-08-05,C5092
ORD100837,1842.6816000000001,1023.1416000000002,6,2023-05-23,C8371
ORD100838,2788.3359,122.17659999999978,7,2023-01-11,C1390
ORD100839,3121.0032,1592.3632,8,2024-10-17,C1834
ORD100840,3109.4028000000003,1235.5128000000002,9,2023-07-28,C4810
ORD100841,2734.3320000000003,1544.7120000000002,6,2024-04-17,C4549
ORD100842,2176.8,535.98,6,2024-10-16,C5909
ORD100843,1245.096,588.296,8,2023-01-27,C7639
ORD100844,1948.7440000000004,219.8140000000003,7,2023-01-04,C6287
ORD100845,169.02399999999997,94.34399999999997,4,2023-01-04,C3316
ORD100846,530.0526,0.43259999999997945,6,2023-04-23,C3945
ORD100847,1047.816,311.716,5,2023-02-07,C7770
ORD100848,264.348,103.09800000000001,3,2024-08-13,C2813
ORD100849,1740.977,569.777,5,2024-03-12,C5537
ORD100850,2407.4593200000004,731.9593200000004,6,2024-12-06,C5848
ORD100851,1527.7410000000002,215.9910000000002,9,2024-07-31,C7751
ORD100852,2115.0558,431.81579999999985,6,2024-11-24,C7428
ORD100853,413.7,215.57999999999998,2,2023-06-21,C5181
ORD100854,619.8822,247.28220000000005,9,2023-07-27,C3782
ORD100855,979.146,456.726,6,2024-09-03,C4310
ORD100856,347.09759999999994,182.51759999999996,3,2023-06-26,C4703
ORD100857,1089.774,280.1539999999999,7,2023-02-11,C2972
ORD100858,405.6416,157.96159999999998,4,2024-04-26,C6628
ORD100859,208.4984,86.9384,4,2024-07-30,C2875
ORD100860,901.04,189.51999999999998,8,2024-11-28,C6837
ORD100861,3445.46,773.46,8,2024-10-30,C7762
ORD100862,214.66899999999998,38.16899999999998,5,2023-03-28,C9655
ORD100863,609.96,333.08000000000004,4,2024-07-09,C2070
ORD100864,1599.48,-131.79999999999995,8,2024-09-01,C7836
ORD100865,317.6448,79.90479999999997,2,2024-05-17,C1773
ORD100866,1828.5400000000002,682.5700000000002,7,2024-08-13,C4034
ORD100867,138.27779999999998,73.95779999999998,6,2024-08-26,C2586
ORD100868,2243.1552,146.1952000000001,8,2023-11-18,C2460
ORD100869,1033.4688,301.2288000000001,4,2023-01-29,C2577
ORD100870,2736.64,625.8399999999997,8,2023-11-25,C1395
ORD100871,217.20040000000003,18.580400000000026,1,2023-05-26,C8407
ORD100872,1536.7967999999998,359.3267999999998,7,2023-03-23,C1550
ORD100873,151.572,24.641999999999996,1,2023-03-31,C4586
ORD100874,618.2352000000001,46.07520000000011,6,2024-05-17,C7291
ORD100875,429.301,176.021,2,2023-12-30,C9912
ORD100876,122.43599999999999,43.32600000000001,9,2024-01-24,C8682
ORD100877,1008.2295999999999,163.39959999999996,7,2024-06-20,C2234
ORD100878,320.117,107.05700000000002,1,2024-01-30,C9888
ORD100879,428.72490000000005,74.30490000000003,9,2024-03-29,C6881
ORD100880,102.97050000000002,25.06050000000002,3,2023-03-03,C2615
ORD100881,1458.8435,399.39350000000013,5,2024-09-04,C5038
ORD100882,201.9,49.56999999999999,1,2023-11-20,C9260
ORD100883,393.86199999999997,175.43199999999996,1,2023-04-22,C4535
ORD100884,1266.219,159.60899999999992,3,2024-08-08,C2652
ORD100885,2082.5190000000002,1009.0690000000002,5,2024-06-12,C8874
ORD100886,1078.35,339.3499999999999,5,2023-02-08,C9575
ORD100887,934.5792,64.57920000000001,8,2023-05-19,C9779
ORD100888,594.1444,279.4844,2,2023-01-12,C9600
ORD100889,1769.376,559.4259999999999,7,2023-07-14,C8854
ORD100890,291.1458,122.89580000000001,1,2023-03-13,C5089
ORD100891,487.9116,165.6216,3,2024-05-26,C2730
ORD100892,65.0768,22.236800000000002,2,2024-01-12,C6553
ORD100893,211.363,113.623,2,2024-12-06,C2986
ORD100894,390.91200000000003,-0.5279999999999063,6,2024-06-23,C5257
ORD100895,537.273,243.51300000000003,9,2024-03-16,C6904
ORD100896,2952.5587,874.9587000000001,7,2024-01-02,C9518
ORD100897,80.58,17.299999999999997,8,2023-02-09,C3601
ORD100898,1781.1696000000002,1020.8496000000002,6,2023-02-20,C3266
ORD100899,474.0,263.98,1,2024-03-19,C7611
ORD100900,637.6404,24.000400000000013,4,2023-01-04,C1058
ORD100901,2106.0072,618.9672,8,2023-01-31,C6097
ORD100902,345.9159,200.87590000000003,1,2023-06-07,C7712
ORD100903,134.45999999999998,11.759999999999977,1,2024-09-28,C5957
ORD100904,1661.1072,446.4671999999998,8,2023-11-27,C4455
ORD100905,409.47,231.83000000000004,1,2024-05-25,C8456
ORD100906,3197.2725,820.0125000000003,9,2023-10-24,C4338
ORD100907,2751.1722,979.3321999999998,7,2023-05-05,C7394
ORD100908,2251.4088,793.2888,6,2023-09-25,C5176
ORD100909,781.4865,32.98649999999998,5,2023-03-08,C1239
ORD100910,348.57329999999996,149.50329999999997,1,2024-07-08,C5774
ORD100911,1031.492,390.692,4,2023-05-13,C1445
ORD100912,2679.76,1278.9600000000003,8,2023-09-28,C9377
ORD100913,3174.102,683.712,9,2024-12-06,C6413
ORD100914,1673.734,323.93399999999997,5,2024-03-02,C4347
ORD100915,3050.8672,190.06719999999996,8,2023-11-27,C5375
ORD100916,1133.2867,506.6467000000001,7,2024-01-26,C6571
ORD100917,289.0536,41.43360000000001,1,2024-07-18,C3341
ORD100918,767.5716,200.21159999999998,6,2023-07-03,C3595
ORD100919,1634.2325999999998,666.4325999999998,6,2024-04-03,C4767
ORD100920,1733.4180000000001,949.7180000000001,5,2024-09-20,C3326
ORD100921,2581.5405,448.22050000000036,7,2024-02-17,C7820
ORD100922,1686.6432,712.0332,9,2023-11-18,C1934
ORD100923,1117.167,238.46699999999987,5,2023-04-15,C8438
ORD100924,449.4864,119.00639999999999,3,2023-06-28,C4136
ORD100925,790.0497,469.19970000000006,9,2024-11-12,C6050
ORD100926,1181.5272,159.7572,9,2024-01-25,C2419
ORD100927,2780.1459,330.91589999999997,7,2023-08-05,C4467
ORD100928,739.1592,152.65920000000006,6,2023-10-29,C7790
ORD100929,433.8839,89.62389999999999,1,2024-02-21,C3436
ORD100930,463.2516,157.1716,4,2024-01-23,C2190
ORD100931,638.7392,105.19920000000002,2,2024-05-18,C5696
ORD100932,1430.946,765.3959999999998,5,2023-07-05,C2462
ORD100933,2239.68,557.5199999999998,8,2024-04-12,C3832
ORD100934,971.28,436.11,3,2023-11-15,C5053
ORD100935,3033.8819999999996,1095.9119999999996,9,2024-11-08,C6076
ORD100936,824.9150000000001,278.55500000000006,2,2023-04-24,C6753
ORD100937,266.8848,135.0348,1,2023-04-17,C7089
ORD100938,277.848,-13.661999999999978,9,2023-11-29,C8597
ORD100939,127.93520000000001,71.3452,1,2024-01-02,C1594
ORD100940,2215.2010999999998,1208.3210999999997,7,2024-05-12,C4260
ORD100941,1484.9415,492.5514999999998,7,2023-10-18,C1009
ORD100942,796.4064,232.9763999999999,3,2024-10-19,C1084
ORD100943,264.2728,119.87280000000001,1,2023-12-08,C2910
ORD100944,513.216,140.01599999999996,3,2023-04-04,C6382
ORD100945,388.08,106.63,1,2023-03-27,C9049
ORD100946,2237.004,1112.594,7,2024-12-01,C7961
ORD100947,2581.776,163.53600000000006,8,2023-04-07,C6815
ORD100948,2876.2308,1093.8708,9,2024-11-13,C8002
ORD100949,3209.2560000000003,752.0560000000005,8,2023-07-20,C2547
ORD100950,1846.2752,902.5352,7,2023-03-09,C8557
ORD100951,3056.984,273.7039999999997,8,2023-08-08,C9011
ORD100952,443.52,94.84999999999997,7,2024-03-18,C1855
ORD100953,1773.4355999999998,920.2955999999998,6,2023-11-05,C5229
ORD100954,2753.082,1274.022,9,2024-07-19,C8469
ORD100955,622.3475999999999,241.34759999999994,3,2024-03-15,C5284
ORD100956,507.9504,268.5104,4,2023-10-16,C8563
ORD100957,1696.8923999999997,-408.5676000000003,9,2024-04-01,C9418
ORD100958,473.15250000000003,100.61250000000001,3,2024-11-30,C5271
ORD100959,1105.6986000000002,186.43860000000018,3,2023-10-24,C1535
ORD100960,334.16240000000005,32.142400000000066,2,2023-04-21,C4060
ORD100961,270.3918,56.73179999999999,3,2023-10-22,C2936
ORD100962,1619.9298,284.9297999999999,6,2024-08-27,C5266
ORD100963,1350.8544,461.8943999999999,8,2023-06-06,C6271
ORD100964,91.2978,33.517799999999994,2,2024-11-14,C5174
ORD100965,1733.2140000000002,674.8140000000003,7,2024-02-28,C2759
ORD100966,1746.7212000000002,691.0512000000001,7,2024-03-09,C3710
ORD100967,759.4101,296.99010000000004,9,2023-08-17,C7115
ORD100968,1916.2870999999998,941.3270999999997,7,2024-10-24,C1242
ORD100969,480.21119999999996,159.97119999999995,2,2023-01-26,C2926
ORD100970,1609.9509999999998,444.1009999999999,5,2023-08-04,C9030
ORD100971,1655.82,763.0199999999999,9,2023-10-29,C1892
ORD100972,968.7383999999998,421.62839999999983,9,2023-12-10,C4732
ORD100973,2712.3450000000003,1090.545,6,2023-12-08,C2862
ORD100974,2188.872,619.992,9,2023-04-17,C1941
ORD100975,118.6892,25.239199999999997,7,2023-06-12,C4804
ORD100976,316.6625,20.542500000000018,1,2023-03-10,C5692
ORD100977,857.088,404.388,9,2024-02-17,C2585
ORD100978,701.4802,373.2002,2,2023-09-10,C1700
ORD100979,1203.804,443.6840000000001,4,2024-02-12,C2212
ORD100980,1410.0695999999998,725.7995999999998,3,2024-02-29,C6863
ORD100981,3076.4552000000003,1122.0552000000005,7,2024-05-20,C8741
ORD100982,140.83,22.430000000000007,1,2024-01-29,C2622
ORD100983,2167.9596,1057.4796000000001,6,2024-04-11,C3883
ORD100984,1217.0367999999999,513.3567999999999,8,2024-02-27,C4093
ORD100985,2050.596,211.87599999999998,8,2024-04-14,C4246
ORD100986,857.5079999999998,289.6379999999998,3,2024-03-19,C3198
ORD100987,244.79999999999998,123.92999999999998,9,2023-08-16,C1497
ORD100988,31.952315999999996,10.957115999999996,4,2023-06-27,C5725
ORD100989,235.13000000000002,42.140000000000015,7,2024-07-20,C4215
ORD100990,293.81899999999996,141.31899999999996,5,2023-09-04,C4079
ORD100991,132.54,41.64999999999999,1,2024-01-31,C3382
ORD100992,385.849,42.41899999999998,1,2023-05-22,C9363
ORD100993,492.03360000000004,220.13360000000006,2,2023-11-07,C6493
ORD100994,3235.626,624.5460000000003,9,2024-01-17,C4767
ORD100995,3779.64,1978.83,9,2024-03-26,C2848
ORD100996,1312.928,533.8080000000001,4,2024-01-14,C8209
ORD100997,1484.5877999999998,518.1677999999998,9,2023-09-17,C8994
ORD100998,432.61,65.59000000000003,1,2024-11-23,C1290
ORD100999,3183.2505,1519.4205000000002,9,2024-01-05,C9366
ORD101000,961.9788000000001,449.51880000000006,3,2024-08-04,C7294
ORD101001,388.1008,19.600799999999992,1,2024-06-14,C1898
ORD101002,2109.3799999999997,1111.9499999999996,7,2024-02-06,C7777
ORD101003,789.2543999999999,-59.38560000000007,4,2024-09-30,C1966
ORD101004,1149.7254,223.6554000000001,3,2023-04-03,C1457
ORD101005,1352.1648,290.4048,7,2024-10-25,C2037
ORD101006,1110.3729,209.7429000000002,3,2024-09-04,C5138
ORD101007,221.54999999999998,60.54999999999998,7,2023-12-29,C6575
ORD101008,15.608889999999999,5.111289999999999,2,2024-06-12,C4665
ORD101009,253.17499999999998,26.714999999999975,1,2024-01-10,C2097
ORD101010,106.9152,4.495199999999997,3,2023-07-13,C2792
ORD101011,2695.9128,410.6333999999997,6,2024-07-29,C8670
ORD101012,24.239688,8.489688000000001,3,2023-06-27,C9662
ORD101013,692.1216000000001,234.12160000000006,2,2023-08-15,C7787
ORD101014,729.0387999999999,165.74879999999996,7,2024-01-09,C1930
ORD101015,2419.7,1435.5499999999997,5,2024-08-25,C8377
ORD101016,558.3168000000001,73.83680000000004,4,2023-10-04,C7227
ORD101017,39.9816,2.181600000000003,3,2023-12-22,C5734
ORD101018,14.114099999999999,1.3440999999999992,1,2023-01-30,C2289
ORD101019,223.13600000000002,69.87600000000003,1,2023-03-25,C9969
ORD101020,3143.0854,1029.0154000000002,7,2023-02-10,C4983
ORD101021,396.8919,60.59190000000001,1,2023-02-21,C1397
ORD101022,469.4235,163.6635,3,2024-09-17,C2889
ORD101023,2195.46,366.75,9,2024-08-29,C4610
ORD101024,170.7576,13.677599999999984,4,2024-08-14,C1560
ORD101025,1493.9316000000003,755.1516000000003,7,2023-02-10,C3915
ORD101026,1086.66,591.0600000000001,4,2023-02-25,C5215
ORD101027,1163.52,336.68999999999994,9,2023-07-22,C9536
ORD101028,2340.7999999999997,897.6799999999998,8,2024-02-12,C1777
ORD101029,2251.75,500.4000000000001,5,2023-08-29,C6191
ORD101030,52.702958,15.961358000000004,7,2023-12-18,C9240
ORD101031,473.28,281.03999999999996,4,2023-05-05,C8254
ORD101032,862.5672,299.34719999999993,9,2024-06-10,C9323
ORD101033,257.3216,63.32159999999999,4,2023-08-15,C2532
ORD101034,697.76,113.51999999999998,8,2023-02-17,C8211
ORD101035,1662.3023999999998,155.58239999999978,6,2024-06-18,C9806
ORD101036,311.53139999999996,104.59139999999996,6,2024-10-12,C3933
ORD101037,1230.2923999999998,95.21239999999989,4,2023-01-11,C5487
ORD101038,3552.64,2019.12,8,2023-11-11,C5777
ORD101039,3115.7952,981.7051999999999,7,2024-08-18,C5442
ORD101040,2654.32,488.55999999999995,8,2024-05-23,C3607
ORD101041,821.68,346.47999999999996,8,2024-09-08,C9736
ORD101042,71.7744,-6.805599999999998,2,2023-10-26,C9607
ORD101043,699.924,221.20399999999995,8,2023-09-26,C4426
ORD101044,3425.9304,1703.2104000000002,8,2024-05-25,C8246
ORD101045,1400.7576,482.12760000000003,3,2023-04-21,C4577
ORD101046,1606.7340000000002,195.1740000000002,9,2023-06-22,C8152
ORD101047,690.0205,241.02049999999997,5,2024-03-08,C6262
ORD101048,726.0371999999999,138.96719999999993,3,2024-04-26,C5231
ORD101049,394.3896,180.9996,3,2023-03-28,C2152
ORD101050,1763.748,322.34799999999996,4,2024-01-01,C6890
ORD101051,108.77499999999999,34.27499999999999,1,2023-09-20,C3889
ORD101052,1235.2633999999998,606.1033999999999,7,2023-12-28,C2951
ORD101053,1340.0464,238.87639999999988,7,2024-11-21,C2738
ORD101054,459.0026,121.25259999999997,7,2023-02-25,C9835
ORD101055,836.35,221.80000000000007,5,2024-12-17,C1929
ORD101056,1613.3408,752.6608,4,2023-11-20,C8185
ORD101057,464.0104,224.40040000000002,7,2024-07-09,C8794
ORD101058,1858.6488,-95.91120000000001,8,2023-11-02,C1279
ORD101059,187.7239,44.32389999999998,1,2023-08-12,C6303
ORD101060,296.8744,23.554399999999987,4,2024-07-08,C6196
ORD101061,99.99,28.61999999999999,9,2024-05-10,C4227
ORD101062,1055.056,187.13600000000008,8,2023-04-14,C6999
ORD101063,288.441,136.79099999999997,9,2024-05-22,C4677
ORD101064,287.25,48.41,2,2024-06-26,C4956
ORD101065,2030.25,608.6500000000001,5,2023-10-07,C4883
ORD101066,657.4568,334.8568,2,2024-10-28,C8205
ORD101067,2957.448,1184.9679999999998,8,2024-04-06,C6697
ORD101068,1038.576,297.17600000000004,5,2023-08-29,C4411
ORD101069,980.7936000000002,137.61360000000013,3,2023-01-08,C9339
ORD101070,290.87579999999997,57.775799999999975,1,2024-04-30,C8217
ORD101071,700.5012,372.8312,7,2023-05-31,C9394
ORD101072,956.4632,-82.81679999999994,8,2024-06-28,C7573
ORD101073,1838.8175999999999,849.2975999999999,8,2024-01-14,C4523
ORD101074,2839.3785000000003,1025.6085000000003,9,2023-12-03,C7955
ORD101075,1737.984,170.54399999999987,8,2023-04-28,C3963
ORD101076,904.1664,200.64639999999997,8,2024-05-27,C3438
ORD101077,3645.86432,598.82512,8,2023-04-30,C5058
ORD101078,554.2911,127.15110000000004,9,2023-10-28,C9722
ORD101079,2056.131,398.5809999999999,5,2024-08-25,C6110
ORD101080,2639.6748000000002,1140.9048000000003,7,2024-10-24,C4452
ORD101081,3193.8999999999996,1354.5399999999997,8,2024-12-13,C5155
ORD101082,685.3856000000001,26.885600000000068,2,2024-11-20,C3620
ORD101083,748.7172,153.29719999999998,7,2024-02-05,C6928
ORD101084,1272.52,557.64,4,2023-05-25,C4153
ORD101085,713.6292,282.4292,2,2024-08-27,C5989
ORD101086,606.0582,206.53820000000007,2,2024-07-31,C4327
ORD101087,259.3212,106.86119999999997,2,2024-12-14,C3886
ORD101088,724.0725,53.39250000000004,9,2024-04-13,C9731
ORD101089,1043.0266,568.7065999999999,7,2023-04-12,C4111
ORD101090,203.7168,59.11680000000001,1,2023-12-29,C1634
ORD101091,1543.3668,113.98680000000013,6,2023-11-19,C4406
ORD101092,2515.7400000000002,895.1400000000001,6,2024-08-29,C5788
ORD101093,1581.2470000000003,419.04700000000025,5,2023-10-10,C1851
ORD101094,1854.7074000000002,752.9274000000003,6,2023-08-25,C3750
ORD101095,1023.8508,495.73080000000004,9,2023-02-27,C2494
ORD101096,1016.61,410.26,5,2024-08-24,C5505
ORD101097,985.1904,532.9104,6,2024-06-27,C7507
ORD101098,705.9078000000001,373.3278000000001,6,2023-01-30,C9715
ORD101099,34.238,13.242799999999999,4,2023-11-09,C4501
ORD101100,1432.6884,598.1184,9,2023-12-12,C8768
ORD101101,437.5096,224.0296,4,2023-12-04,C2930
ORD101102,2097.2952,190.01520000000005,8,2024-10-23,C8023
ORD101103,176.33280000000002,78.35280000000003,6,2023-04-19,C6063
ORD101104,845.9619,289.39189999999996,7,2023-08-09,C7822
ORD101105,167.3056,16.035600000000017,7,2023-05-11,C7799
ORD101106,2099.4749999999995,1088.1849999999995,7,2023-06-25,C5791
ORD101107,1511.4,450.6600000000001,6,2024-10-15,C3316
ORD101108,825.8400000000001,20.460000000000264,6,2024-11-08,C5735
ORD101109,350.68500000000006,97.18500000000006,5,2023-02-02,C8440
ORD101110,1648.3448,700.2648,4,2024-03-31,C9734
ORD101111,1853.901,348.1310000000001,7,2023-06-17,C9346
ORD101112,2429.0592,500.5792000000001,8,2023-05-19,C2633
ORD101113,1425.8663999999999,369.63639999999987,7,2023-07-30,C6375
ORD101114,2263.688,1072.9180000000001,7,2023-05-20,C1941
ORD101115,3194.8152,1746.2552,8,2023-12-19,C7019
ORD101116,684.4288,84.42880000000002,4,2024-12-17,C9930
ORD101117,332.69759999999997,143.92759999999996,1,2024-02-27,C1473
ORD101118,432.39560000000006,212.87560000000005,4,2024-06-04,C6908
ORD101119,2018.4472,565.7372,7,2023-12-22,C9508
ORD101120,1345.1312,25.291200000000117,8,2023-01-11,C8623
ORD101121,38.56313999999999,12.31913999999999,5,2023-03-02,C4531
ORD101122,3785.6808,2159.5208000000002,8,2023-07-13,C1935
ORD101123,356.6016,101.03160000000003,1,2023-06-25,C9314
ORD101124,813.3216000000001,183.9216,6,2024-08-28,C9290
ORD101125,3398.18332,1253.1033200000002,7,2024-08-30,C6210
ORD101126,639.8209999999999,-11.27900000000011,5,2024-09-06,C9809
ORD101127,1267.4298,585.2098,7,2024-04-04,C1041
ORD101128,1876.028,696.9780000000001,5,2024-02-05,C6548
ORD101129,654.276,219.57599999999996,5,2024-04-12,C1346
ORD101130,1149.2208,392.5608000000001,6,2023-10-20,C9420
ORD101131,2113.8504000000003,456.3304000000003,8,2024-04-27,C7123
ORD101132,175.34159999999997,17.57159999999996,3,2024-07-25,C9219
ORD101133,642.1800000000001,293.4600000000001,3,2024-07-03,C6063
ORD101134,468.1536,3.153599999999983,4,2024-03-17,C1749
ORD101135,550.8000000000001,233.98000000000008,2,2023-02-11,C1238
ORD101136,271.84799999999996,83.20799999999997,4,2024-06-05,C4019
ORD101137,471.184,197.704,4,2023-09-21,C7690
ORD101138,921.3954,232.86540000000002,3,2024-06-19,C2359
ORD101139,302.9744,155.2944,4,2024-01-24,C8668
ORD101140,930.4650000000001,43.7650000000001,5,2024-09-26,C3155
ORD101141,2104.3343999999997,80.70439999999985,7,2023-09-01,C5467
ORD101142,1094.1435,205.1534999999999,3,2024-11-01,C2827
ORD101143,411.6024,78.24239999999998,8,2024-08-31,C5191
ORD101144,1856.319,862.0189999999999,5,2023-08-27,C5069
ORD101145,2390.9746,797.0046,7,2023-12-14,C1049
ORD101146,307.851,120.011,2,2024-01-18,C6109
ORD101147,766.16,153.76,2,2024-07-07,C8079
ORD101148,1681.346,794.5459999999999,5,2024-05-11,C9425
ORD101149,1209.76,606.12,4,2024-09-05,C3976
ORD101150,1196.1625,198.4124999999999,5,2023-09-24,C8924
ORD101151,707.8656,383.4256,2,2023-12-30,C8907
ORD101152,2452.0419,629.4919000000002,5,2023-11-07,C9894
ORD101153,1835.6940000000002,773.7240000000002,7,2024-10-16,C4357
ORD101154,2440.0263999999997,461.26639999999975,7,2023-08-08,C8657
ORD101155,974.6262,86.4162,3,2024-02-27,C6085
ORD101156,1611.6488,455.48879999999986,4,2023-03-28,C1524
ORD101157,2100.956,917.4560000000001,5,2024-09-04,C3432
ORD101158,392.262,179.962,5,2023-10-04,C7047
ORD101159,611.7760000000001,319.77600000000007,8,2023-09-03,C2445
ORD101160,1180.96,661.36,4,2024-02-24,C4912
ORD101161,1400.7839999999999,348.7539999999999,7,2023-12-26,C7973
ORD101162,1702.0592,421.5791999999999,8,2024-09-02,C2347
ORD101163,1200.09,588.7799999999999,3,2024-01-18,C5468
ORD101164,3356.64,1496.7199999999998,8,2024-01-08,C2933
ORD101165,584.0712000000001,59.13120000000015,3,2023-03-17,C5827
ORD101166,1282.9528,629.2728000000001,4,2023-01-16,C3166
ORD101167,540.7776,210.6576,6,2023-10-14,C9687
ORD101168,1310.2560000000003,320.0160000000003,6,2024-12-19,C1690
ORD101169,70.26549999999999,38.66549999999999,5,2024-10-22,C9671
ORD101170,610.464,-11.015999999999963,3,2024-03-28,C8126
ORD101171,250.1954,127.95540000000001,1,2024-03-30,C8699
ORD101172,3088.9485,740.3085000000001,9,2023-10-09,C8662
ORD101173,2481.324,697.404,8,2023-05-08,C2688
ORD101174,1459.28,344.24,8,2023-01-07,C9378
ORD101175,40.39948,13.249479999999998,5,2023-09-01,C6347
ORD101176,368.0464,-3.073599999999999,8,2023-08-16,C9658
ORD101177,2092.681,658.0809999999999,5,2023-05-18,C8902
ORD101178,392.3175,106.19749999999999,1,2023-07-06,C6215
ORD101179,308.61119999999994,71.09119999999993,2,2023-01-18,C4369
ORD101180,367.4388,105.50880000000001,3,2024-03-13,C2055
ORD101181,724.9784000000001,167.8184000000001,4,2024-10-29,C1909
ORD101182,2307.8232,771.8831999999998,9,2024-05-12,C4506
ORD101183,425.0142,143.76420000000002,3,2023-11-19,C8297
ORD101184,193.0824,64.0824,6,2023-10-30,C5547
ORD101185,551.826,303.99600000000004,3,2023-08-10,C5335
ORD101186,707.4672,234.9072,6,2023-04-13,C3199
ORD101187,955.2384,555.9984,6,2024-03-06,C6078
ORD101188,171.32,59.239999999999995,2,2024-02-12,C6742
ORD101189,1639.0935,452.29349999999977,5,2023-01-06,C9838
ORD101190,239.11200000000002,65.63200000000003,1,2023-10-27,C7564
ORD101191,1151.5824000000002,260.2224000000002,9,2023-07-20,C6464
ORD101192,1954.1200000000001,1172.43,7,2023-05-03,C9189
ORD101193,2016.009,1060.1190000000001,9,2024-05-21,C4824
ORD101194,2968.6344,688.4744000000001,8,2024-01-14,C9413
ORD101195,946.8557999999999,218.73579999999993,2,2024-04-01,C4329
ORD101196,453.6168,100.95679999999999,7,2024-05-28,C2149
ORD101197,411.5622,102.5122,1,2024-12-07,C4758
ORD101198,3025.5885,737.8784999999998,9,2024-07-31,C2158
ORD101199,2309.4584,270.4184,8,2024-03-22,C2065
ORD101200,1331.96,364.98000000000013,7,2024-09-24,C8929
ORD101201,1577.07,422.46000000000004,9,2023-12-10,C8151
ORD101202,66.10824,24.117839999999994,8,2024-12-10,C2990
ORD101203,3497.2728,1813.5928000000001,8,2024-07-02,C8538
ORD101204,265.5414,93.85140000000001,1,2024-04-13,C1620
ORD101205,191.90099999999998,61.77099999999999,1,2024-10-12,C3559
ORD101206,2393.5041,559.6641000000002,9,2024-01-06,C7354
ORD101207,67.66199999999999,26.261999999999986,3,2024-06-02,C3733
ORD101208,342.0096,151.40959999999998,4,2023-07-25,C7573
ORD101209,244.57680000000002,8.886800000000022,1,2024-11-24,C8868
ORD101210,1448.3447999999999,650.6447999999999,6,2024-03-24,C1594
ORD101211,2841.1200000000003,412.32000000000016,8,2024-07-17,C1215
ORD101212,1854.0479999999998,583.4879999999998,8,2023-11-28,C9459
ORD101213,1670.9592,650.6591999999999,6,2024-09-16,C5683
ORD101214,2108.1696,685.2096000000001,6,2023-02-23,C5557
ORD101215,164.8575,61.1575,5,2023-03-24,C5172
ORD101216,1457.3580000000002,760.7580000000003,5,2024-01-01,C4902
ORD101217,1580.5680000000002,671.7680000000003,5,2024-06-11,C7210
ORD101218,1118.3832,416.92319999999995,9,2024-08-05,C6217
ORD101219,271.9395,106.60950000000003,3,2023-11-13,C2470
ORD101220,526.5849999999999,108.93499999999995,5,2024-04-12,C6639
ORD101221,538.0776,277.4976,6,2024-02-03,C7014
ORD101222,1173.3588,261.5988,6,2024-11-23,C2022
ORD101223,57.712,27.642000000000003,1,2024-04-15,C4390
ORD101224,874.7640000000001,60.83400000000006,3,2023-10-28,C8113
ORD101225,283.90979999999996,25.429799999999943,6,2024-11-29,C6567
ORD101226,124.3249,16.384900000000002,7,2023-03-19,C2227
ORD101227,1050.0420000000001,126.04200000000014,7,2024-12-09,C1360
ORD101228,737.7786000000001,249.97860000000009,9,2023-04-21,C6230
ORD101229,2699.3694,238.0293999999999,7,2023-07-27,C5155
ORD101230,892.6847999999998,392.46479999999974,6,2024-08-14,C9648
ORD101231,324.07439999999997,48.37439999999992,3,2024-06-12,C5699
ORD101232,299.008,59.44799999999998,4,2024-11-29,C9382
ORD101233,1353.2272,487.8672,8,2024-06-23,C2928
ORD101234,1143.375,-93.47499999999991,5,2024-04-03,C5025
ORD101235,2415.0896000000002,283.93960000000015,7,2023-09-07,C2256
ORD101236,326.4272,16.72720000000004,2,2023-01-04,C6167
ORD101237,579.3424,308.62239999999997,2,2023-03-31,C2696
ORD101238,399.5368,151.29680000000002,2,2023-08-03,C5429
ORD101239,669.9516,215.9316,2,2023-01-30,C4096
ORD101240,1685.6783999999998,669.1583999999998,6,2024-01-01,C2671
ORD101241,828.6299999999999,282.5099999999999,6,2024-07-13,C1871
ORD101242,1759.3343999999997,633.4343999999996,6,2024-11-24,C5607
ORD101243,1232.79,301.16999999999985,3,2023-12-19,C9524
ORD101244,1327.5996,620.7996,6,2024-09-22,C2788
ORD101245,809.6024000000001,105.2224000000001,2,2024-12-10,C4644
ORD101246,1782.6075,58.757500000000164,5,2024-09-11,C3021
ORD101247,192.6812,55.00119999999998,2,2023-12-01,C8279
ORD101248,347.1072,126.46719999999999,1,2023-08-23,C4733
ORD101249,604.94,311.82000000000005,2,2024-12-05,C9768
ORD101250,523.2762,274.87620000000004,2,2023-06-24,C3206
ORD101251,1297.0,343.85,5,2023-10-24,C1726
ORD101252,1923.48,617.4300000000001,5,2023-02-23,C6242
ORD101253,1807.3944,1031.2343999999998,6,2024-07-25,C6864
ORD101254,1041.2544,127.21440000000007,4,2024-04-12,C9915
ORD101255,57.7962,16.816200000000002,2,2023-03-03,C8841
ORD101256,195.1426,18.18259999999998,1,2023-06-09,C8956
ORD101257,3181.36,1281.49,7,2024-02-04,C6707
ORD101258,3151.4741999999997,482.5241999999994,9,2024-01-25,C4237
ORD101259,90.66,46.25999999999999,3,2024-07-31,C4860
ORD101260,885.16,457.35999999999996,2,2023-07-11,C2203
ORD101261,1242.6,247.70999999999992,3,2024-10-27,C4879
ORD101262,496.098,54.418000000000006,2,2023-11-17,C4279
ORD101263,37.1679,7.017900000000001,3,2024-08-15,C1323
ORD101264,1091.09,444.0899999999999,5,2023-06-21,C2840
ORD101265,256.16,118.48000000000002,8,2023-01-27,C5810
ORD101266,1007.7144000000001,161.0644000000001,7,2023-02-09,C4323
ORD101267,2789.8541999999998,567.3941999999997,9,2023-09-26,C9940
ORD101268,1827.56,810.64,4,2024-11-17,C5306
ORD101269,828.6005000000001,439.3005000000001,5,2023-02-05,C9627
ORD101270,1378.272,173.03199999999993,4,2023-09-23,C6945
ORD101271,390.65149999999994,53.87149999999997,1,2023-03-20,C1363
ORD101272,59.212799999999994,22.772799999999997,4,2024-11-01,C2830
ORD101273,311.2704,65.81040000000002,3,2024-05-01,C7351
ORD101274,1781.9,277.4000000000001,5,2024-07-03,C5905
ORD101275,728.9087999999999,341.4887999999999,2,2024-05-28,C3715
ORD101276,1352.9075,435.4175,7,2024-04-18,C5698
ORD101277,2350.2408,567.9208000000001,8,2024-07-11,C9125
ORD101278,2550.4056,756.5256000000002,9,2023-01-06,C4497
ORD101279,337.7829,44.13290000000001,1,2024-09-15,C1405
ORD101280,656.5468000000001,171.5268000000001,2,2024-06-16,C3798
ORD101281,384.831,116.09100000000001,9,2024-06-16,C9421
ORD101282,573.3104,269.7904,8,2023-10-11,C7855
ORD101283,377.538,73.63800000000003,6,2024-07-30,C8536
ORD101284,1287.7608,644.6508,3,2023-10-02,C9203
ORD101285,1988.8200000000002,1047.0700000000002,5,2023-02-05,C2057
ORD101286,1658.8380000000002,420.03800000000024,5,2024-10-15,C3543
ORD101287,472.1056,141.86559999999997,8,2023-06-18,C1538
ORD101288,1301.67,72.92000000000007,5,2023-03-15,C1042
ORD101289,79.12080000000002,8.740800000000021,1,2024-03-23,C8511
ORD101290,1298.3355,272.9755,7,2023-06-18,C9431
ORD101291,729.9572000000001,196.06720000000007,7,2024-09-09,C2401
ORD101292,1245.96,462.24,3,2023-11-16,C7498
ORD101293,142.29,14.009999999999991,2,2023-01-04,C5813
ORD101294,636.7256,254.80559999999997,2,2024-11-16,C1622
ORD101295,2834.0928,-170.38720000000012,8,2024-01-06,C9240
ORD101296,1621.9229999999998,523.3229999999999,5,2023-07-09,C8840
ORD101297,207.83399999999997,97.13399999999997,5,2024-05-02,C6106
ORD101298,3803.2442999999994,1099.2842999999993,9,2024-01-18,C7370
ORD101299,287.7548,126.70479999999998,1,2023-01-22,C4574
ORD101300,429.41819999999996,244.09819999999996,2,2024-06-30,C8134
ORD101301,2413.684,1071.1240000000003,8,2023-10-16,C5004
ORD101302,2200.65,1129.1000000000001,5,2024-05-18,C9901
ORD101303,217.062,80.33200000000002,1,2024-10-06,C1567
ORD101304,1688.4,187.8800000000001,7,2024-03-15,C2549
ORD101305,375.49440000000004,112.39440000000002,2,2024-04-28,C9717
ORD101306,261.952,6.431999999999988,8,2023-07-03,C3598
ORD101307,2904.2560000000003,852.2560000000003,8,2023-06-21,C3795
ORD101308,448.66479999999996,230.58479999999994,8,2023-10-26,C8120
ORD101309,991.5345000000001,505.8345000000001,5,2024-09-06,C2704
ORD101310,495.1296,12.339599999999962,3,2024-01-13,C5621
ORD101311,1091.512,319.51199999999994,8,2023-09-08,C3574
ORD101312,1213.1856,210.40560000000005,6,2024-07-15,C2781
ORD101313,1697.5686,691.0686000000001,6,2024-09-06,C9678
ORD101314,318.28,88.33999999999997,2,2024-10-11,C2798
ORD101315,482.68260000000004,77.32260000000002,6,2023-08-04,C1848
ORD101316,2037.3912,-154.2887999999998,6,2024-05-25,C7064
ORD101317,1398.4127999999998,803.8127999999999,3,2024-03-01,C8804
ORD101318,1331.68,-13.789999999999964,7,2023-11-20,C2147
ORD101319,317.053,124.75299999999999,2,2023-10-13,C7369
ORD101320,175.56,20.51000000000002,7,2023-03-24,C5866
ORD101321,184.0608,49.150800000000004,9,2023-07-17,C8469
ORD101322,1017.348,234.46800000000007,6,2024-01-31,C2142
ORD101323,409.6136,148.15360000000004,1,2024-09-30,C9782
ORD101324,1760.1599999999999,343.21000000000004,5,2024-09-15,C6571
ORD101325,738.2434999999999,276.7934999999999,5,2023-05-16,C8578
ORD101326,1839.884,335.2839999999999,5,2024-05-04,C4257
ORD101327,619.134,194.154,3,2023-03-03,C9489
ORD101328,852.06,226.55999999999995,6,2024-05-01,C6636
ORD101329,557.3832,160.57319999999993,3,2023-09-04,C2142
ORD101330,612.1817999999998,147.36179999999985,6,2023-11-20,C9305
ORD101331,2420.9094,775.8294000000001,6,2024-05-31,C8161
ORD101332,948.3048000000001,180.0648000000001,6,2023-11-02,C3701
ORD101333,2486.7888,625.9887999999999,8,2024-08-04,C5910
ORD101334,1454.1888000000001,317.3088,8,2024-01-20,C4492
ORD101335,2875.1632000000004,440.77320000000054,7,2024-12-20,C5890
ORD101336,2015.3952000000002,353.15520000000015,8,2024-04-04,C9687
ORD101337,1776.096,815.056,8,2023-08-02,C9089
ORD101338,211.23,62.12999999999997,3,2024-07-12,C2939
ORD101339,1354.35,765.5999999999999,3,2023-10-21,C9745
ORD101340,1226.7315,539.5815,5,2024-01-20,C4941
ORD101341,723.1949999999999,170.5949999999999,5,2023-04-09,C7342
ORD101342,3076.99,1243.7599999999998,7,2023-03-27,C7877
ORD101343,27.1575,7.217499999999998,1,2024-02-18,C5345
ORD101344,272.799,1.81899999999996,2,2023-05-15,C5109
ORD101345,1762.4523,803.8723,7,2024-12-19,C5107
ORD101346,1219.3984,652.9184,8,2024-09-08,C8762
ORD101347,636.1872,310.7772,3,2024-05-19,C4476
ORD101348,407.52,199.67999999999998,3,2024-06-12,C3519
ORD101349,353.889,51.36900000000003,6,2024-03-04,C4254
ORD101350,116.19999999999999,29.14999999999999,5,2023-02-13,C2753
ORD101351,152.79360000000003,44.09360000000002,2,2023-10-10,C4523
ORD101352,2049.853,822.8530000000001,5,2023-12-23,C2026
ORD101353,2156.2608,684.5008,8,2024-10-21,C1807
ORD101354,1556.3519999999999,852.9919999999998,7,2023-06-08,C7513
ORD101355,1312.0128,208.01279999999997,8,2023-12-24,C1696
ORD101356,1899.2778000000003,455.73780000000033,6,2023-09-05,C6113
ORD101357,467.5008,221.90080000000003,8,2023-04-07,C8018
ORD101358,344.28240000000005,18.002400000000023,3,2023-03-16,C7519
ORD101359,299.9997,54.879700000000014,1,2023-09-21,C5014
ORD101360,445.5376,184.6576,2,2023-03-01,C2742
ORD101361,3475.7999999999997,1091.6999999999998,9,2023-02-18,C9375
ORD101362,2505.8106,698.7305999999999,6,2023-09-10,C8515
ORD101363,1237.71,662.88,3,2023-05-26,C6509
ORD101364,769.44,394.72,8,2024-02-04,C1780
ORD101365,134.2476,27.537599999999998,3,2023-01-13,C1316
ORD101366,447.9048,10.62480000000005,6,2023-08-06,C3836
ORD101367,931.0545000000002,153.99450000000024,3,2023-11-23,C2417
ORD101368,411.615,111.815,1,2024-11-24,C8742
ORD101369,1000.296,40.266000000000076,3,2024-04-01,C2852
ORD101370,402.91679999999997,128.98679999999996,3,2024-09-26,C3543
ORD101371,2104.8500000000004,1211.6000000000004,5,2023-09-05,C9780
ORD101372,254.21359999999999,97.78359999999998,1,2023-11-20,C8363
ORD101373,1150.2612,154.47119999999995,3,2023-10-30,C2968
ORD101374,1409.844,145.58400000000006,6,2024-09-30,C4451
ORD101375,302.7024,50.22240000000002,4,2024-11-21,C5641
ORD101376,244.0392,119.7192,6,2024-11-23,C6977
ORD101377,2614.3572,811.0571999999997,6,2024-06-25,C9424
ORD101378,1825.4142000000002,537.6942000000001,9,2023-12-29,C8839
ORD101379,1199.5872,493.42719999999997,8,2024-01-25,C9793
ORD101380,462.49350000000004,195.64350000000002,3,2024-12-06,C1365
ORD101381,1091.8719,78.27189999999996,7,2023-07-24,C3127
ORD101382,2638.0566,645.8165999999997,6,2023-09-07,C6066
ORD101383,172.99200000000002,23.53200000000001,6,2024-10-07,C1442
ORD101384,511.52,245.44,8,2023-10-06,C4197
ORD101385,791.76,294.5,2,2023-06-19,C2382
ORD101386,1107.84,653.1999999999999,4,2024-02-08,C9395
ORD101387,494.13599999999997,242.37599999999998,8,2023-08-23,C1569
ORD101388,158.832,33.10199999999999,9,2024-10-03,C2335
ORD101389,110.19999999999999,47.639999999999986,1,2024-10-16,C2755
ORD101390,630.27,70.72000000000003,5,2023-08-09,C2337
ORD101391,33.2304,11.120400000000004,3,2024-01-17,C6116
ORD101392,190.332,92.35199999999999,2,2024-12-09,C4278
ORD101393,348.2418,197.08180000000002,1,2024-06-18,C9211
ORD101394,2013.668,457.6679999999999,5,2023-06-05,C3347
ORD101395,3147.41,1645.5599999999997,7,2024-03-01,C5834
ORD101396,940.5474999999999,460.8474999999999,5,2024-03-22,C6940
ORD101397,528.4764000000001,143.07640000000015,4,2024-04-15,C6633
ORD101398,3086.1052600000003,1270.4452600000004,7,2023-01-19,C8166
ORD101399,2222.3232,654.0431999999998,6,2023-08-04,C2816
ORD101400,1951.1280000000002,442.54800000000023,9,2024-09-07,C5566
ORD101401,498.218,262.13800000000003,4,2023-06-23,C8204
ORD101402,388.7985,18.148500000000013,3,2023-08-04,C8766
ORD101403,1027.4345,257.98450000000014,5,2023-08-21,C6559
ORD101404,1229.985,307.68499999999983,5,2023-05-08,C6866
ORD101405,58.849999999999994,32.605999999999995,5,2023-04-22,C8776
ORD101406,2764.2239999999997,146.38399999999956,8,2023-09-07,C6623
ORD101407,252.2391,99.3691,1,2024-09-21,C9538
ORD101408,1379.3294999999998,456.1294999999999,5,2023-01-02,C2148
ORD101409,359.75040000000007,125.47040000000007,4,2023-07-23,C4130
ORD101410,644.5656,-6.374400000000037,2,2023-02-13,C2009
ORD101411,1775.7599999999998,657.2999999999997,6,2024-02-09,C1815
ORD101412,395.96,58.039999999999964,8,2023-06-30,C5246
ORD101413,1302.912,85.21199999999999,5,2024-07-24,C3033
ORD101414,327.5019,132.50189999999998,1,2024-02-26,C4664
ORD101415,355.81850000000003,131.10850000000002,1,2024-07-18,C4940
ORD101416,385.272,140.632,4,2024-04-02,C6587
ORD101417,2706.8887999999997,107.01879999999937,7,2023-11-12,C9510
ORD101418,637.2639,162.15390000000002,3,2024-09-11,C8643
ORD101419,145.6728,43.522800000000004,3,2023-12-09,C4404
ORD101420,444.4928,253.7728,8,2024-11-14,C3929
ORD101421,86.44439999999999,6.014399999999981,1,2024-12-17,C7936
ORD101422,113.06880000000001,49.61880000000001,1,2024-02-29,C2112
ORD101423,471.3536,260.17359999999996,2,2024-04-30,C5863
ORD101424,2907.3761999999997,1136.9861999999996,9,2023-07-04,C4806
ORD101425,423.8205,124.6705,5,2024-08-09,C2645
ORD101426,891.6516,129.8918,2,2024-04-28,C6547
ORD101427,254.85000000000002,62.31,3,2024-10-11,C3886
ORD101428,2715.21,1387.6200000000001,9,2023-07-12,C2670
ORD101429,3123.6575999999995,1277.3375999999996,7,2024-07-21,C6878
ORD101430,1251.27,311.43000000000006,3,2023-12-05,C2567
ORD101431,771.9327000000001,149.31270000000006,3,2023-05-14,C7055
ORD101432,312.47790000000003,140.60790000000003,1,2023-05-04,C2458
ORD101433,450.009,160.90900000000005,7,2024-02-09,C4912
ORD101434,19.56,6.219999999999999,2,2023-08-19,C8271
ORD101435,659.7,106.88999999999999,3,2023-03-15,C3057
ORD101436,177.51600000000002,39.87600000000003,4,2023-11-04,C7907
ORD101437,808.4796,363.5196,6,2024-04-15,C7496
ORD101438,666.7199999999999,168.5999999999999,6,2023-08-18,C9123
ORD101439,3045.0375999999997,1163.3575999999996,8,2024-11-18,C2519
ORD101440,1242.5765999999999,200.97659999999996,3,2024-07-15,C7435
ORD101441,1477.368,537.1679999999999,4,2024-01-05,C9429
ORD101442,1146.8799999999999,444.67999999999984,4,2024-11-03,C7866
ORD101443,75.58109999999999,25.961099999999995,1,2023-11-08,C2690
ORD101444,194.4768,90.1768,7,2023-04-11,C8398
ORD101445,1298.2465000000002,466.4965000000002,5,2023-01-26,C1965
ORD101446,1453.1400000000003,390.7900000000004,5,2024-11-06,C6299
ORD101447,1369.5723,109.39229999999998,9,2024-11-22,C5478
ORD101448,454.06199999999995,83.30199999999996,2,2024-06-16,C5779
ORD101449,1757.0943,469.37429999999995,9,2023-03-16,C5675
ORD101450,762.3616,389.8216,7,2023-07-31,C1283
ORD101451,279.2874,80.9674,2,2023-01-30,C5573
ORD101452,1321.383,437.7030000000001,7,2023-02-06,C9429
ORD101453,1997.4905999999999,959.1105999999997,7,2023-06-27,C4929
ORD101454,1721.268,197.74839999999995,4,2024-02-16,C3491
ORD101455,1021.028,110.38800000000003,4,2023-02-17,C9952
ORD101456,2407.0608,1164.5008000000003,8,2024-12-09,C1890
ORD101457,744.2248000000001,130.98480000000006,2,2023-11-24,C5376
ORD101458,61.19,18.93,1,2023-07-09,C5612
ORD101459,1969.8000000000002,950.1600000000002,6,2024-01-07,C5301
ORD101460,2192.7599999999998,688.9499999999998,9,2024-07-22,C9294
ORD101461,1225.4875000000002,565.3375000000002,5,2023-08-14,C4795
ORD101462,47.559599999999996,26.839599999999997,2,2023-02-04,C9758
ORD101463,1995.752,91.35249999999996,5,2023-02-06,C1601
ORD101464,1272.6021,291.1821000000001,3,2024-09-05,C7604
ORD101465,66.842776,24.852376,8,2023-03-22,C6336
ORD101466,569.3027999999999,170.42279999999994,6,2024-04-02,C3164
ORD101467,335.35200000000003,23.55200000000002,4,2023-10-04,C3051
ORD101468,2350.5,946.26,6,2024-07-13,C7476
ORD101469,1959.8355,262.9655,7,2023-02-13,C6737
ORD101470,565.0301999999999,51.300199999999904,7,2024-10-08,C6499
ORD101471,1256.3936,351.0336000000001,4,2024-05-17,C1457
ORD101472,831.4613999999999,61.30139999999983,6,2023-11-20,C6380
ORD101473,233.12,70.58000000000001,1,2023-05-30,C9831
ORD101474,731.7983999999999,143.95839999999987,4,2024-12-04,C1155
ORD101475,1052.32,458.1199999999999,4,2023-08-06,C5220
ORD101476,946.413,432.563,5,2023-12-20,C5448
ORD101477,1039.9896,435.0996000000001,9,2023-10-11,C9069
ORD101478,1684.7028,372.8628000000001,9,2023-06-15,C3545
ORD101479,2023.1035,321.0034999999998,5,2023-10-27,C5279
ORD101480,1203.6282,75.86820000000012,6,2023-04-20,C7454
ORD101481,366.88800000000003,62.988000000000056,1,2023-01-02,C1542
ORD101482,1123.1055000000001,515.6055000000001,5,2023-07-28,C8209
ORD101483,2321.0712,1220.5312,7,2023-03-22,C8399
ORD101484,978.6483000000001,187.36829999999998,7,2023-10-26,C7476
ORD101485,2995.6499999999996,687.5099999999998,9,2024-09-13,C6833
ORD101486,563.736,52.835999999999956,5,2023-04-28,C7727
ORD101487,121.55040000000001,59.000400000000006,9,2023-01-01,C8035
ORD101488,707.7672,263.79720000000003,9,2023-03-21,C9129
ORD101489,76.39920000000001,-0.34079999999998734,6,2024-01-01,C4853
ORD101490,364.826,138.716,1,2023-07-17,C5104
ORD101491,1902.19008,1046.8300800000002,4,2023-12-19,C6740
ORD101492,2462.012,604.6320000000003,7,2023-01-22,C2737
ORD101493,305.47440000000006,71.11440000000005,6,2023-08-28,C8705
ORD101494,3482.8451999999997,127.91519999999991,9,2023-10-23,C7933
ORD101495,2806.2384,394.3184000000001,8,2023-11-07,C6678
ORD101496,127.095,2.164999999999992,1,2024-02-01,C3714
ORD101497,1765.2648,936.1447999999999,8,2024-07-16,C4128
ORD101498,1144.0408,324.36080000000004,4,2023-12-03,C4914
ORD101499,102.752,-5.808000000000007,8,2024-08-28,C6962
